[{"model": "contenttypes.contenttype", "pk": 1, "fields": {"app_label": "admin", "model": "logentry"}}, {"model": "contenttypes.contenttype", "pk": 2, "fields": {"app_label": "auth", "model": "permission"}}, {"model": "contenttypes.contenttype", "pk": 3, "fields": {"app_label": "auth", "model": "group"}}, {"model": "contenttypes.contenttype", "pk": 4, "fields": {"app_label": "contenttypes", "model": "contenttype"}}, {"model": "contenttypes.contenttype", "pk": 5, "fields": {"app_label": "sessions", "model": "session"}}, {"model": "contenttypes.contenttype", "pk": 6, "fields": {"app_label": "users", "model": "customuser"}}, {"model": "contenttypes.contenttype", "pk": 7, "fields": {"app_label": "users", "model": "profile"}}, {"model": "contenttypes.contenttype", "pk": 8, "fields": {"app_label": "shop", "model": "shipping"}}, {"model": "contenttypes.contenttype", "pk": 9, "fields": {"app_label": "shop", "model": "model"}}, {"model": "contenttypes.contenttype", "pk": 10, "fields": {"app_label": "shop", "model": "product"}}, {"model": "contenttypes.contenttype", "pk": 11, "fields": {"app_label": "shop", "model": "category"}}, {"model": "contenttypes.contenttype", "pk": 12, "fields": {"app_label": "shop", "model": "manfacturedate"}}, {"model": "contenttypes.contenttype", "pk": 13, "fields": {"app_label": "shop", "model": "brand"}}, {"model": "contenttypes.contenttype", "pk": 14, "fields": {"app_label": "orders", "model": "orderitem"}}, {"model": "contenttypes.contenttype", "pk": 15, "fields": {"app_label": "orders", "model": "order"}}, {"model": "contenttypes.contenttype", "pk": 16, "fields": {"app_label": "shop", "model": "enginecapacity"}}, {"model": "contenttypes.contenttype", "pk": 17, "fields": {"app_label": "orders", "model": "shippingcosts"}}, {"model": "contenttypes.contenttype", "pk": 18, "fields": {"app_label": "social_django", "model": "association"}}, {"model": "contenttypes.contenttype", "pk": 19, "fields": {"app_label": "social_django", "model": "code"}}, {"model": "contenttypes.contenttype", "pk": 20, "fields": {"app_label": "social_django", "model": "nonce"}}, {"model": "contenttypes.contenttype", "pk": 21, "fields": {"app_label": "social_django", "model": "usersocialauth"}}, {"model": "contenttypes.contenttype", "pk": 22, "fields": {"app_label": "social_django", "model": "partial"}}, {"model": "contenttypes.contenttype", "pk": 23, "fields": {"app_label": "star_ratings", "model": "rating"}}, {"model": "contenttypes.contenttype", "pk": 24, "fields": {"app_label": "star_ratings", "model": "userrating"}}, {"model": "contenttypes.contenttype", "pk": 25, "fields": {"app_label": "shop", "model": "reviewproduct"}}, {"model": "contenttypes.contenttype", "pk": 26, "fields": {"app_label": "users", "model": "wishlist"}}, {"model": "contenttypes.contenttype", "pk": 27, "fields": {"app_label": "hitcount", "model": "blacklistip"}}, {"model": "contenttypes.contenttype", "pk": 28, "fields": {"app_label": "hitcount", "model": "blacklistuseragent"}}, {"model": "contenttypes.contenttype", "pk": 29, "fields": {"app_label": "hitcount", "model": "hit"}}, {"model": "contenttypes.contenttype", "pk": 30, "fields": {"app_label": "hitcount", "model": "hitcount"}}, {"model": "contenttypes.contenttype", "pk": 31, "fields": {"app_label": "shop", "model": "homepage_banners"}}, {"model": "contenttypes.contenttype", "pk": 32, "fields": {"app_label": "shop", "model": "homepage_adds"}}, {"model": "contenttypes.contenttype", "pk": 33, "fields": {"app_label": "shop", "model": "blog_tags"}}, {"model": "contenttypes.contenttype", "pk": 34, "fields": {"app_label": "shop", "model": "blog"}}, {"model": "sessions.session", "pk": "15u7rp0fk839eqvtrr5hw7sm8l1wc39u", "fields": {"session_data": "Y2QyZGMzNDdlMmE1ZDllOWVjZWZmYWVkNjUzZTVmZjRmYmJlYjExZTp7ImNhcnQiOnsiMSI6eyJxdWFudGl0eSI6NCwicHJpY2UiOiI1MC4wMCJ9fX0=", "expire_date": "2020-08-28T09:15:16.006Z"}}, {"model": "sessions.session", "pk": "41f4mzwzwm1twl3cbj8qab3mhkofi7td", "fields": {"session_data": "MmU1ZDRkZWNkM2I2ZDZmZjY3MzQxNjgxMTBjZmJmMzI3ZWM1Mjk1YTp7ImNhcnQiOnt9fQ==", "expire_date": "2020-08-22T08:37:46.785Z"}}, {"model": "sessions.session", "pk": "5a5o5x52rbf4rslezfc12zvy7nw0lsru", "fields": {"session_data": "ODI1NjBkYTdlNzIxNDJhMjU1MmJiODQyNDhiYjIzY2MwOTM0MzRhNDp7ImNhcnQiOnsiMiI6eyJxdWFudGl0eSI6NTMsInByaWNlIjoiMTk1MC4wMCJ9LCI2Ijp7InF1YW50aXR5Ijo3MCwicHJpY2UiOiIzMDAuMDAifX0sIl9hdXRoX3VzZXJfaWQiOiIxIiwiX2F1dGhfdXNlcl9iYWNrZW5kIjoiZGphbmdvLmNvbnRyaWIuYXV0aC5iYWNrZW5kcy5Nb2RlbEJhY2tlbmQiLCJfYXV0aF91c2VyX2hhc2giOiIyYjFkNGM0N2E3ZDZmMTJhY2EyMGQyZjQ1Y2FmOThjY2YyYjkxZGM3IiwibnVtX3Zpc2l0cyI6MjB9", "expire_date": "2020-08-27T13:18:49.153Z"}}, {"model": "sessions.session", "pk": "5agz7xybtch5k5ppd0fu4030vche8vmo", "fields": {"session_data": "MmU1ZDRkZWNkM2I2ZDZmZjY3MzQxNjgxMTBjZmJmMzI3ZWM1Mjk1YTp7ImNhcnQiOnt9fQ==", "expire_date": "2020-09-01T07:13:27.001Z"}}, {"model": "sessions.session", "pk": "7qlrjc171kd83kvh7umv1aq0iba3kxa9", "fields": {"session_data": "MWNjMzllMWIxZDM5ZGRmYjUzNjY0NGVmMTA2NTE4ZDAwOTdlOTk0Nzp7ImNhcnQiOnt9LCJfYXV0aF91c2VyX2lkIjoiMSIsIl9hdXRoX3VzZXJfYmFja2VuZCI6ImRqYW5nby5jb250cmliLmF1dGguYmFja2VuZHMuTW9kZWxCYWNrZW5kIiwiX2F1dGhfdXNlcl9oYXNoIjoiMmIxZDRjNDdhN2Q2ZjEyYWNhMjBkMmY0NWNhZjk4Y2NmMmI5MWRjNyJ9", "expire_date": "2020-09-02T20:37:48.690Z"}}, {"model": "sessions.session", "pk": "7ypdcvez96fl00pk2mlg2xbyohgdijni", "fields": {"session_data": "ODJiYWNjOWRhMjRkN2ViNmZlMjljNzYyYWNjODE1MDhkMzQ0ZDQxYjp7ImNhcnQiOnt9LCJfcGFzc3dvcmRfcmVzZXRfdG9rZW4iOiI1ajAtODBmYzZlYmRlYzc0ZGZhODkxZGEifQ==", "expire_date": "2020-08-27T08:26:03.705Z"}}, {"model": "sessions.session", "pk": "94kihq48bc2njprkht4tjyol0f3f9chn", "fields": {"session_data": "NmQ3NDQ1MWYxMGNkYjk5OTU3NDgzNGEyNzM1Yjc0NzZjNDBmYWMwZDp7ImNhcnQiOnsiMiI6eyJxdWFudGl0eSI6NCwicHJpY2UiOiI5MDAuMDAifX0sIl9hdXRoX3VzZXJfaWQiOiIxIiwiX2F1dGhfdXNlcl9iYWNrZW5kIjoiZGphbmdvLmNvbnRyaWIuYXV0aC5iYWNrZW5kcy5Nb2RlbEJhY2tlbmQiLCJfYXV0aF91c2VyX2hhc2giOiIyYjFkNGM0N2E3ZDZmMTJhY2EyMGQyZjQ1Y2FmOThjY2YyYjkxZGM3In0=", "expire_date": "2020-09-10T14:30:05.328Z"}}, {"model": "sessions.session", "pk": "9hs3kkupyrdyufubp6cnjm3cehj9fioh", "fields": {"session_data": "MmU1ZDRkZWNkM2I2ZDZmZjY3MzQxNjgxMTBjZmJmMzI3ZWM1Mjk1YTp7ImNhcnQiOnt9fQ==", "expire_date": "2020-08-24T06:52:29.930Z"}}, {"model": "sessions.session", "pk": "9yjbgtp5ftwzjegx3hjis3yubgth556h", "fields": {"session_data": "MmU1ZDRkZWNkM2I2ZDZmZjY3MzQxNjgxMTBjZmJmMzI3ZWM1Mjk1YTp7ImNhcnQiOnt9fQ==", "expire_date": "2020-08-24T07:46:38.773Z"}}, {"model": "sessions.session", "pk": "aiacsw3cp74pv4krze826ixn10wdna3x", "fields": {"session_data": "Yzc4ZWQ4MGMyMTg5NGEzNDRlY2U3NDc2Njg3YTc0NzRkM2NiMzM0ZDp7ImNhcnQiOnsiMyI6eyJxdWFudGl0eSI6MywicHJpY2UiOiI4MDAuMDAifSwiMiI6eyJxdWFudGl0eSI6NCwicHJpY2UiOiI5MDAuMDAifX0sIl9hdXRoX3VzZXJfaWQiOiIxIiwiX2F1dGhfdXNlcl9iYWNrZW5kIjoiZGphbmdvLmNvbnRyaWIuYXV0aC5iYWNrZW5kcy5Nb2RlbEJhY2tlbmQiLCJfYXV0aF91c2VyX2hhc2giOiIyYjFkNGM0N2E3ZDZmMTJhY2EyMGQyZjQ1Y2FmOThjY2YyYjkxZGM3IiwiX3Nlc3Npb25fZXhwaXJ5Ijo1fQ==", "expire_date": "2020-08-22T07:48:32.217Z"}}, {"model": "sessions.session", "pk": "c5t4klrzzcnwxvqmr7h83bllwph4mk63", "fields": {"session_data": "MmU1ZDRkZWNkM2I2ZDZmZjY3MzQxNjgxMTBjZmJmMzI3ZWM1Mjk1YTp7ImNhcnQiOnt9fQ==", "expire_date": "2020-08-22T07:16:13.205Z"}}, {"model": "sessions.session", "pk": "cdsqlinq3o7r8y7cqfj1d88tzwhj0dgy", "fields": {"session_data": "ZmNjZmQ0ODc0ZGE1MGU4ZTRmMzhlMDAwODcxMjY4NzBiM2FhZWZkYzp7ImNhcnQiOnsiMyI6eyJxdWFudGl0eSI6MSwicHJpY2UiOiI4MDAuMDAifX0sIl9hdXRoX3VzZXJfaWQiOiIxIiwiX2F1dGhfdXNlcl9iYWNrZW5kIjoiZGphbmdvLmNvbnRyaWIuYXV0aC5iYWNrZW5kcy5Nb2RlbEJhY2tlbmQiLCJfYXV0aF91c2VyX2hhc2giOiIyYjFkNGM0N2E3ZDZmMTJhY2EyMGQyZjQ1Y2FmOThjY2YyYjkxZGM3In0=", "expire_date": "2020-08-22T07:15:58.501Z"}}, {"model": "sessions.session", "pk": "cuwkh2coberv2ll2e9524arjqa61czt0", "fields": {"session_data": "MmU1ZDRkZWNkM2I2ZDZmZjY3MzQxNjgxMTBjZmJmMzI3ZWM1Mjk1YTp7ImNhcnQiOnt9fQ==", "expire_date": "2020-08-22T07:16:34.318Z"}}, {"model": "sessions.session", "pk": "dbd3hz4n1w8f6c8prnza8wtg7l64ngkt", "fields": {"session_data": "MWNjMzllMWIxZDM5ZGRmYjUzNjY0NGVmMTA2NTE4ZDAwOTdlOTk0Nzp7ImNhcnQiOnt9LCJfYXV0aF91c2VyX2lkIjoiMSIsIl9hdXRoX3VzZXJfYmFja2VuZCI6ImRqYW5nby5jb250cmliLmF1dGguYmFja2VuZHMuTW9kZWxCYWNrZW5kIiwiX2F1dGhfdXNlcl9oYXNoIjoiMmIxZDRjNDdhN2Q2ZjEyYWNhMjBkMmY0NWNhZjk4Y2NmMmI5MWRjNyJ9", "expire_date": "2020-09-10T06:49:49.824Z"}}, {"model": "sessions.session", "pk": "dzsixqb1k10ubwrjmy1305gegi195xsg", "fields": {"session_data": "MmU1ZDRkZWNkM2I2ZDZmZjY3MzQxNjgxMTBjZmJmMzI3ZWM1Mjk1YTp7ImNhcnQiOnt9fQ==", "expire_date": "2020-08-27T14:59:13.877Z"}}, {"model": "sessions.session", "pk": "ebvkw8f0wqmrsbkm0551qpgblxjhz700", "fields": {"session_data": "MmU1ZDRkZWNkM2I2ZDZmZjY3MzQxNjgxMTBjZmJmMzI3ZWM1Mjk1YTp7ImNhcnQiOnt9fQ==", "expire_date": "2020-08-22T20:53:53.063Z"}}, {"model": "sessions.session", "pk": "fnpb67qls9hm94h7ma1lg15hqcoawjv1", "fields": {"session_data": "OWUyMDJiMmEwMjM3ZWRkY2IyYzg4ZjIzOTdiNTZkMWQ4NjZjMGE2ZTp7ImNhcnQiOnsiMyI6eyJxdWFudGl0eSI6MSwicHJpY2UiOiI2MDAuMDAifSwiMSI6eyJxdWFudGl0eSI6MSwicHJpY2UiOiI1MC4wMCJ9fX0=", "expire_date": "2020-08-15T08:15:05.496Z"}}, {"model": "sessions.session", "pk": "haeymr4pglut24diewtkxorejxir4cg5", "fields": {"session_data": "YWU3MDk3ZGI2NjUyN2Q1ODhiN2RhNWRkMzU3MjU0M2RkMDQxNGI2ZTp7ImNhcnQiOnsiMyI6eyJxdWFudGl0eSI6MywicHJpY2UiOiI4MDAuMDAifSwiMiI6eyJxdWFudGl0eSI6NCwicHJpY2UiOiI5MDAuMDAifX0sIl9hdXRoX3VzZXJfaWQiOiIxIiwiX2F1dGhfdXNlcl9iYWNrZW5kIjoiZGphbmdvLmNvbnRyaWIuYXV0aC5iYWNrZW5kcy5Nb2RlbEJhY2tlbmQiLCJfYXV0aF91c2VyX2hhc2giOiIyYjFkNGM0N2E3ZDZmMTJhY2EyMGQyZjQ1Y2FmOThjY2YyYjkxZGM3In0=", "expire_date": "2020-08-23T04:47:01.260Z"}}, {"model": "sessions.session", "pk": "hjo55tsta11z3ua5ftezxhvyxhruu6xz", "fields": {"session_data": "ZjE1ZDdmNzhlNWViMWY2ODcyYTU1ZGYwZjY1NGFkZDQ1NWM4OWY2ODp7ImNhcnQiOnsiMyI6eyJxdWFudGl0eSI6MywicHJpY2UiOiI4MDAuMDAifX19", "expire_date": "2020-08-22T08:37:37.121Z"}}, {"model": "sessions.session", "pk": "i3ej9sdfxmvrjlcsk0fi5gw3opl8f7v1", "fields": {"session_data": "NDQ2MWNhNjkyZmU4NmNiY2Y0ZGE4MGNmZGJkZTY3MjVjMDAyOWIxMjp7Il9hdXRoX3VzZXJfaWQiOiI3IiwiX2F1dGhfdXNlcl9iYWNrZW5kIjoiZGphbmdvLmNvbnRyaWIuYXV0aC5iYWNrZW5kcy5Nb2RlbEJhY2tlbmQiLCJfYXV0aF91c2VyX2hhc2giOiIzNTZjYTEyY2E5YTUwNzQxM2JlYTUzMTkyNmE1NTQxMjFmNmNhZjkxIiwiY2FydCI6eyIyIjp7InF1YW50aXR5Ijo0LCJwcmljZSI6IjkwMC4wMCJ9fX0=", "expire_date": "2020-09-10T06:42:20.660Z"}}, {"model": "sessions.session", "pk": "kv2dvpatniyg1o0qtn83j7ttcn2b0fef", "fields": {"session_data": "MmU1ZDRkZWNkM2I2ZDZmZjY3MzQxNjgxMTBjZmJmMzI3ZWM1Mjk1YTp7ImNhcnQiOnt9fQ==", "expire_date": "2020-08-24T07:01:34.739Z"}}, {"model": "sessions.session", "pk": "new3icrcz9xawyednx8x3selmj8y475p", "fields": {"session_data": "MmU1ZDRkZWNkM2I2ZDZmZjY3MzQxNjgxMTBjZmJmMzI3ZWM1Mjk1YTp7ImNhcnQiOnt9fQ==", "expire_date": "2020-08-24T07:02:59.841Z"}}, {"model": "sessions.session", "pk": "ol2qfdhy3yyd1okjtsa8bpbm445bboyr", "fields": {"session_data": "MGUyYzQxNzU2ZWI0NjEwOTIzYTc0NjNkNjgxYzUwMGYwOTFjYmVmMjp7ImNhcnQiOnsiNiI6eyJxdWFudGl0eSI6MSwicHJpY2UiOiIzMDAuMDAifX19", "expire_date": "2020-08-27T10:03:29.320Z"}}, {"model": "sessions.session", "pk": "rqqkyo430n4x2s44xzi5i55sbbk1o631", "fields": {"session_data": "MmU1ZDRkZWNkM2I2ZDZmZjY3MzQxNjgxMTBjZmJmMzI3ZWM1Mjk1YTp7ImNhcnQiOnt9fQ==", "expire_date": "2020-08-24T07:00:10.791Z"}}, {"model": "sessions.session", "pk": "shjlc2sgdq6k4fwnjilh6v4sc30ivltt", "fields": {"session_data": "MjBhZDYzYTc0ZmRjMjMzYzdmMTVkYjY0ZDM3NDBjYjgxYmQwOWZhOTp7ImNhcnQiOnsiMyI6eyJxdWFudGl0eSI6MSwicHJpY2UiOiI2MDAuMDAifX0sIl9hdXRoX3VzZXJfaWQiOiIxIiwiX2F1dGhfdXNlcl9iYWNrZW5kIjoiZGphbmdvLmNvbnRyaWIuYXV0aC5iYWNrZW5kcy5Nb2RlbEJhY2tlbmQiLCJfYXV0aF91c2VyX2hhc2giOiIyYjFkNGM0N2E3ZDZmMTJhY2EyMGQyZjQ1Y2FmOThjY2YyYjkxZGM3In0=", "expire_date": "2020-08-31T08:39:05.467Z"}}, {"model": "sessions.session", "pk": "t7z1ni3abr3qgvbwl7kygjy7op07zttw", "fields": {"session_data": "YzI4ZGQ1ZTIxNGU5ODMyZTJhZjMxZjMxOTc4NWIwMDkyMTVlODkxZDp7Il9hdXRoX3VzZXJfaWQiOiIxIiwiX2F1dGhfdXNlcl9iYWNrZW5kIjoiZGphbmdvLmNvbnRyaWIuYXV0aC5iYWNrZW5kcy5Nb2RlbEJhY2tlbmQiLCJfYXV0aF91c2VyX2hhc2giOiIyYjFkNGM0N2E3ZDZmMTJhY2EyMGQyZjQ1Y2FmOThjY2YyYjkxZGM3In0=", "expire_date": "2020-08-07T12:47:10.301Z"}}, {"model": "sessions.session", "pk": "u7mx8w8o4urlqxuw03608fkghkflbwmg", "fields": {"session_data": "MWNjMzllMWIxZDM5ZGRmYjUzNjY0NGVmMTA2NTE4ZDAwOTdlOTk0Nzp7ImNhcnQiOnt9LCJfYXV0aF91c2VyX2lkIjoiMSIsIl9hdXRoX3VzZXJfYmFja2VuZCI6ImRqYW5nby5jb250cmliLmF1dGguYmFja2VuZHMuTW9kZWxCYWNrZW5kIiwiX2F1dGhfdXNlcl9oYXNoIjoiMmIxZDRjNDdhN2Q2ZjEyYWNhMjBkMmY0NWNhZjk4Y2NmMmI5MWRjNyJ9", "expire_date": "2020-08-22T08:37:24.600Z"}}, {"model": "sessions.session", "pk": "vad3nlwj8x5t95rvutqmy5xcab6k9uax", "fields": {"session_data": "MmU1ZDRkZWNkM2I2ZDZmZjY3MzQxNjgxMTBjZmJmMzI3ZWM1Mjk1YTp7ImNhcnQiOnt9fQ==", "expire_date": "2020-09-03T08:25:02.758Z"}}, {"model": "sessions.session", "pk": "w4nzazjnjo8hnw6tmwrz82pbozlts800", "fields": {"session_data": "MmU1ZDRkZWNkM2I2ZDZmZjY3MzQxNjgxMTBjZmJmMzI3ZWM1Mjk1YTp7ImNhcnQiOnt9fQ==", "expire_date": "2020-08-27T09:49:47.817Z"}}, {"model": "sessions.session", "pk": "zbkhg1456jw6nu940a1wrv9zimst5yvt", "fields": {"session_data": "MjY4OTUxYmJiZTM2ZjJkZTY3Y2ZmZmJmNTY0MTI1N2MzOGIxMWVkYzp7ImNhcnQiOnsiMyI6eyJxdWFudGl0eSI6MSwicHJpY2UiOiI4MDAuMDAifX0sIl9hdXRoX3VzZXJfaWQiOiIxIiwiX2F1dGhfdXNlcl9iYWNrZW5kIjoiZGphbmdvLmNvbnRyaWIuYXV0aC5iYWNrZW5kcy5Nb2RlbEJhY2tlbmQiLCJfYXV0aF91c2VyX2hhc2giOiIyYjFkNGM0N2E3ZDZmMTJhY2EyMGQyZjQ1Y2FmOThjY2YyYjkxZGM3IiwiX3Nlc3Npb25fZXhwaXJ5IjoxMH0=", "expire_date": "2020-08-22T07:49:31.919Z"}}, {"model": "sessions.session", "pk": "zups2rjqspkygts1vxued2yahk389be8", "fields": {"session_data": "MWNjMzllMWIxZDM5ZGRmYjUzNjY0NGVmMTA2NTE4ZDAwOTdlOTk0Nzp7ImNhcnQiOnt9LCJfYXV0aF91c2VyX2lkIjoiMSIsIl9hdXRoX3VzZXJfYmFja2VuZCI6ImRqYW5nby5jb250cmliLmF1dGguYmFja2VuZHMuTW9kZWxCYWNrZW5kIiwiX2F1dGhfdXNlcl9oYXNoIjoiMmIxZDRjNDdhN2Q2ZjEyYWNhMjBkMmY0NWNhZjk4Y2NmMmI5MWRjNyJ9", "expire_date": "2020-08-22T07:16:25.788Z"}}, {"model": "shop.brand", "pk": 1, "fields": {"name": "toyota", "slug": "toyota", "name_arabic": null, "image": "media/Toyota-logo160x110.png"}}, {"model": "shop.brand", "pk": 2, "fields": {"name": "honda", "slug": "honda", "name_arabic": "\u0647\u0648\u0646\u062f\u0627", "image": "media/Honda-logo160x110.png"}}, {"model": "shop.brand", "pk": 3, "fields": {"name": "cheverolet", "slug": "cheverolet", "name_arabic": "\u0634\u064a\u0641\u0631\u0648\u0644\u064a\u0647", "image": "media/Chevrolet-logo160x110.png"}}, {"model": "shop.brand", "pk": 4, "fields": {"name": "BMW", "slug": "bmw", "name_arabic": "\u064a\u0649 \u0627\u0645 \u062f\u0627\u0628\u0644\u064a\u0648", "image": "media/p90385570-highres-the-new-bmw-communic-1583423938_Y5IRRZY.jpg"}}, {"model": "shop.model", "pk": 1, "fields": {"brand": 1, "name": "corolla", "slug": "corolla", "name_arabic": null, "image": "media/402204-2020-toyota-corolla.jpg"}}, {"model": "shop.model", "pk": 2, "fields": {"brand": 2, "name": "civic", "slug": "civic", "name_arabic": null, "image": "media/402029-2020-honda-civic.jpg"}}, {"model": "shop.model", "pk": 3, "fields": {"brand": 1, "name": "rush", "slug": "rush", "name_arabic": null, "image": "media/ndkcAPUR.jpg"}}, {"model": "shop.model", "pk": 4, "fields": {"brand": 1, "name": "yaris", "slug": "yaris", "name_arabic": "\u064a\u0627\u0631\u064a\u0633", "image": "media/402214-2020-toyota-yaris.jpg"}}, {"model": "shop.model", "pk": 5, "fields": {"brand": 2, "name": "accord", "slug": "accord", "name_arabic": "\u0623\u0643\u0648\u0631\u062f", "image": "media/402028-2020-honda-accord_mkIjqfd.jpg"}}, {"model": "shop.model", "pk": 6, "fields": {"brand": 1, "name": "land cruiser", "slug": "land-cruiser", "name_arabic": null, "image": "media/ad48ec3a67052601b11da8925bd9d4a6.jpg"}}, {"model": "shop.model", "pk": 7, "fields": {"brand": 4, "name": "x3", "slug": "x3", "name_arabic": "\u0627\u0643\u0633 3", "image": "media/093435_2019_bmw_X3-640x400.jpg"}}, {"model": "shop.model", "pk": 8, "fields": {"brand": 4, "name": "320", "slug": "320", "name_arabic": null, "image": "media/062922_2015_bmw_Serie_3-640x400.jpg"}}, {"model": "shop.enginecapacity", "pk": 1, "fields": {"eng_capacity": 1600}}, {"model": "shop.enginecapacity", "pk": 2, "fields": {"eng_capacity": 1800}}, {"model": "shop.enginecapacity", "pk": 3, "fields": {"eng_capacity": 1500}}, {"model": "shop.manfacturedate", "pk": 1, "fields": {"manfacture_year": 1980}}, {"model": "shop.manfacturedate", "pk": 2, "fields": {"manfacture_year": 1981}}, {"model": "shop.manfacturedate", "pk": 3, "fields": {"manfacture_year": 1982}}, {"model": "shop.manfacturedate", "pk": 4, "fields": {"manfacture_year": 1983}}, {"model": "shop.manfacturedate", "pk": 5, "fields": {"manfacture_year": 2020}}, {"model": "shop.manfacturedate", "pk": 6, "fields": {"manfacture_year": 2019}}, {"model": "shop.manfacturedate", "pk": 7, "fields": {"manfacture_year": 2021}}, {"model": "shop.category", "pk": 1, "fields": {"name": "smart devices", "name_arabic": "\u0623\u062c\u0647\u0632\u0629 \u0630\u0643\u064a\u0629", "slug": "smart-devices", "image": "media/cardevice180x180.jpeg", "category_banner": "media/lightbulbs-header-870x220_GpeXgTd.jpg", "category_leftSide_image": "media/viper_hw_FRF36_box270x420_oGqGSnH.jpg", "created_at": "2020-07-29T07:38:27.220Z", "updated_at": "2020-08-27T14:37:21.544Z"}}, {"model": "shop.category", "pk": 2, "fields": {"name": "Engine Parts", "name_arabic": "\u0623\u062c\u0632\u0627\u0621 \u0627\u0644\u0645\u0648\u062a\u0648\u0631", "slug": "engine-parts", "image": "media/Mercedes-Benz_500I_engine_rear_Mercedes-Benz_Museum.jpg", "category_banner": "media/lightbulbs-header-870x220.jpg", "category_leftSide_image": "media/viper_hw_FRF36_box270x420.jpg", "created_at": "2020-07-29T07:48:45.576Z", "updated_at": "2020-08-27T14:37:09.417Z"}}, {"model": "shop.category", "pk": 3, "fields": {"name": "tires", "name_arabic": "\u0625\u0637\u0627\u0631\u0627\u062a", "slug": "tires", "image": "media/tyre180x180_3k26Lwo.jpg", "category_banner": "media/engine_parts800x800_HGtKJuE.jpg", "category_leftSide_image": "media/viper_hw_FRF36_box270x420_nKcaLU4.jpg", "created_at": "2020-07-30T14:25:05.600Z", "updated_at": "2020-08-27T14:37:49.489Z"}}, {"model": "shop.product", "pk": 1, "fields": {"model": null, "engine_capacity": null, "category": 1, "name": "car charger", "slug": "car-charger", "name_arabic": "\u0634\u0627\u062d\u0646 \u0633\u064a\u0627\u0631\u0629", "product_commercial_name": "koko", "product_commercial_name_arabic": "\u0634\u062d\u0646\u0648\u0646\u0649", "made_in": "china", "made_in_arabic": "\u0627\u0644\u0635\u064a\u0646", "description": "car charger amazing awi ba2aah", "description_arabic": "\u0634\u0627\u062d\u0646 \u0633\u064a\u0627\u0631\u0629\u0634\u0627\u062d\u0646 \u0633\u064a\u0627\u0631\u0629\u0634\u0627\u062d\u0646 \u0633\u064a\u0627\u0631\u0629\u0634\u0627\u062d\u0646 \u0633\u064a\u0627\u0631\u0629\u0634\u0627\u062d\u0646 \u0633\u064a\u0627\u0631\u0629\u0634\u0627\u062d\u0646 \u0633\u064a\u0627\u0631\u0629\u0634\u0627\u062d\u0646 \u0633\u064a\u0627\u0631\u0629", "features": "\u0628\u062b\u0634\u0641\u0639\u0642\u062b\u0633", "features_arabic": "\u0634\u0627\u062d\u0646 \u0633\u064a\u0627\u0631\u0629\u0634\u0627\u062d\u0646 \u0633\u064a\u0627\u0631\u0629\u0634\u0627\u062d\u0646 \u0633\u064a\u0627\u0631\u0629\u0634\u0627\u062d\u0646 \u0633\u064a\u0627\u0631\u0629\u0634\u0627\u062d\u0646 \u0633\u064a\u0627\u0631\u0629\u0634\u0627\u062d\u0646 \u0633\u064a\u0627\u0631\u0629\u0634\u0627\u062d\u0646 \u0633\u064a\u0627\u0631\u0629\u0634\u0627\u062d\u0646 \u0633\u064a\u0627\u0631\u0629\u0634\u0627\u062d\u0646 \u0633\u064a\u0627\u0631\u0629\u0634\u0627\u062d\u0646 \u0633\u064a\u0627\u0631\u0629\u0634\u0627\u062d\u0646 \u0633\u064a\u0627\u0631\u0629\u0634\u0627\u062d\u0646 \u0633\u064a\u0627\u0631\u0629\u0634\u0627\u062d\u0646 \u0633\u064a\u0627\u0631\u0629\u0634\u0627\u062d\u0646 \u0633\u064a\u0627\u0631\u0629\u0634\u0627\u062d\u0646 \u0633\u064a\u0627\u0631\u0629\u0634\u0627\u062d\u0646 \u0633\u064a\u0627\u0631\u0629\u0634\u0627\u062d\u0646 \u0633\u064a\u0627\u0631\u0629\u0634\u0627\u062d\u0646 \u0633\u064a\u0627\u0631\u0629\u0634\u0627\u062d\u0646 \u0633\u064a\u0627\u0631\u0629\u0634\u0627\u062d\u0646 \u0633\u064a\u0627\u0631\u0629\u0634\u0627\u062d\u0646 \u0633\u064a\u0627\u0631\u0629\u0634\u0627\u062d\u0646 \u0633\u064a\u0627\u0631\u0629", "price": "90.00", "sale_price": "50.00", "available": true, "max_per_order": 1, "min_per_order": 1, "stock": 5, "created_at": "2020-07-29T07:40:22.514Z", "updated_at": "2020-08-27T14:38:55.699Z", "image": "media/item_XL_23986889_34943073_YSg80uK.jpg", "image2": "media/270x270_3IxOkLR.jpg", "image3": "media/1-ferrari-355-engine_YOEyqWE.jpg", "image4": "media/BARE-CYLINDER-HEAD-TOYOTA-2E-1.3-LTR-.1-800x800_5tQbaxO.jpg", "image5": "media/engine_parts800x800_AWvxZL0.jpg", "youtube_link": "https://www.youtube.com/watch?v=vKyZevdTu_E", "manfacture_date": []}}, {"model": "shop.product", "pk": 2, "fields": {"model": 1, "engine_capacity": 1, "category": 2, "name": "cylinder head", "slug": "cylinder-head", "name_arabic": "\u0648\u0634 \u0633\u0644\u064a\u0646\u062f\u0631", "product_commercial_name": "commercial name", "product_commercial_name_arabic": "\u0648\u0634\u0648\u0634 \u0627\u0644\u0633\u0644\u0646\u062f\u0648\u0631", "made_in": "india", "made_in_arabic": "\u0627\u0644\u0647\u0646\u062f", "description": "cylinder head gamda bas", "description_arabic": "\u0648\u0634\u0648\u0634 \u0627\u0644\u0633\u0644\u0646\u062f\u0648\u0631\u0648\u0634\u0648\u0634 \u0627\u0644\u0633\u0644\u0646\u062f\u0648\u0631\u0648\u0634\u0648\u0634 \u0627\u0644\u0633\u0644\u0646\u062f\u0648\u0631\u0648\u0634\u0648\u0634 \u0627\u0644\u0633\u0644\u0646\u062f\u0648\u0631\u0648\u0634\u0648\u0634 \u0627\u0644\u0633\u0644\u0646\u062f\u0648\u0631\u0648\u0634\u0648\u0634 \u0627\u0644\u0633\u0644\u0646\u062f\u0648\u0631\u0648\u0634\u0648\u0634 \u0627\u0644\u0633\u0644\u0646\u062f\u0648\u0631\u0648\u0634\u0648\u0634 \u0627\u0644\u0633\u0644\u0646\u062f\u0648\u0631\r\n\r\n\u0648\u0634\u0648\u0634 \u0627\u0644\u0633\u0644\u0646\u062f\u0648\u0631\r\n\r\n\u0648\u0634\u0648\u0634 \u0627\u0644\u0633\u0644\u0646\u062f\u0648\u0631\u0648\u0634\u0648\u0634 \u0627\u0644\u0633\u0644\u0646\u062f\u0648\u0631\u0648\u0634\u0648\u0634 \u0627\u0644\u0633\u0644\u0646\u062f\u0648\u0631\u0648\u0634\u0648\u0634 \u0627\u0644\u0633\u0644\u0646\u062f\u0648\u0631\r\n\r\n\r\n\u0648\u0634\u0648\u0634 \u0627\u0644\u0633\u0644\u0646\u062f\u0648\u0631\u0648\u0634\u0648\u0634 \u0627\u0644\u0633\u0644\u0646\u062f\u0648\u0631\u0648\u0634\u0648\u0634 \u0627\u0644\u0633\u0644\u0646\u062f\u0648\u0631", "features": "Features", "features_arabic": "\u0648\u0634\u0648\u0634 \u0627\u0644\u0633\u0644\u0646\u062f\u0648\u0631\r\n\r\n\u0648\u0634\u0648\u0634 \u0627\u0644\u0633\u0644\u0646\u062f\u0648\u0631\u0648\u0634\u0648\u0634 \u0627\u0644\u0633\u0644\u0646\u062f\u0648\u0631\u0648\u0634\u0648\u0634 \u0627\u0644\u0633\u0644\u0646\u062f\u0648\u0631\u0648\u0634\u0648\u0634 \u0627\u0644\u0633\u0644\u0646\u062f\u0648\u0631\r\n\r\n\r\n\u0648\u0634\u0648\u0634 \u0627\u0644\u0633\u0644\u0646\u062f\u0648\u0631\u0648\u0634\u0648\u0634 \u0627\u0644\u0633\u0644\u0646\u062f\u0648\u0631\u0648\u0634\u0648\u0634 \u0627\u0644\u0633\u0644\u0646\u062f\u0648\u0631", "price": "900.00", "sale_price": "333.00", "available": true, "max_per_order": 8, "min_per_order": 1, "stock": null, "created_at": "2020-07-29T07:51:17.206Z", "updated_at": "2020-08-27T14:40:26.691Z", "image": "media/charge_pipe_ePQUeqh.jpg", "image2": "media/sylender_head-270x270.jpg", "image3": "media/BARE-CYLINDER-HEAD-TOYOTA-2E-1.3-LTR-.1-800x800.jpg", "image4": "media/CYLINDER-HEAD-BARE-HYUNDAI-D4EA-D4EA-V-CRDi-2.0-LTR.5-800x800.jpg", "image5": "media/CYLINDER-HEAD-HONDA-K20Z3-2.0-LTR.9-800x800.jpg", "youtube_link": "https://www.youtube.com/watch?v=YOBqTTNcSvk", "manfacture_date": [2, 3, 4]}}, {"model": "shop.product", "pk": 3, "fields": {"model": 1, "engine_capacity": 1, "category": 2, "name": "charge pipe", "slug": "charge-pipe", "name_arabic": null, "product_commercial_name": null, "product_commercial_name_arabic": null, "made_in": null, "made_in_arabic": null, "description": "charge pipecharge pipecharge pipecharge pipecharge pipecharge pipecharge pipecharge pipecharge pipecharge pipecharge pipe    charge pipecharge pipecharge pipe\r\n\r\ncharge pipecharge pipecharge pipe", "description_arabic": null, "features": null, "features_arabic": null, "price": "800.00", "sale_price": null, "available": true, "max_per_order": 5, "min_per_order": 1, "stock": null, "created_at": "2020-07-29T07:56:42.085Z", "updated_at": "2020-08-22T05:56:18.972Z", "image": "media/head_cylinder_FYRHURW.jpg", "image2": "media/270x270.jpg", "image3": "media/CYLINDER-HEAD-BARE-HYUNDAI-D4EA-D4EA-V-CRDi-2.0-LTR.5-800x800_wCsjTLF.jpg", "image4": "media/CYLINDER-HEAD-BARE-HYUNDAI-D4EA-D4EA-V-CRDi-2.0-LTR.5-800x800_31cXsDp.jpg", "image5": "media/engine_parts800x800.jpg", "youtube_link": "https://www.youtube.com/watch?v=YOBqTTNcSvk", "manfacture_date": [1, 2]}}, {"model": "shop.product", "pk": 4, "fields": {"model": 2, "engine_capacity": 2, "category": 2, "name": "oil pan", "slug": "oil-pan", "name_arabic": null, "product_commercial_name": null, "product_commercial_name_arabic": null, "made_in": null, "made_in_arabic": null, "description": "oil pan oil pan oil pan oil pan oil pan oil pan oil pan \r\n\r\noil pan oil pan \r\noil pan \r\n\r\noil pan oil pan oil pan oil pan oil pan oil pan \r\n\r\n\r\noil pan oil pan oil pan oil pan oil pan oil pan oil pan oil pan oil pan oil pan oil pan oil pan oil pan oil pan oil pan oil pan oil pan oil pan oil pan oil pan oil pan oil pan oil pan oil pan oil pan oil pan oil pan oil pan oil pan", "description_arabic": null, "features": null, "features_arabic": null, "price": "2500.00", "sale_price": null, "available": true, "max_per_order": 1, "min_per_order": 1, "stock": null, "created_at": "2020-07-29T12:56:09.826Z", "updated_at": "2020-08-17T21:23:47.149Z", "image": "media/oil-pan_ktbexlb.jpg", "image2": "", "image3": "", "image4": "", "image5": "", "youtube_link": null, "manfacture_date": [5, 6]}}, {"model": "shop.product", "pk": 5, "fields": {"model": null, "engine_capacity": null, "category": 3, "name": "michllane", "slug": "michllane", "name_arabic": null, "product_commercial_name": null, "product_commercial_name_arabic": null, "made_in": null, "made_in_arabic": null, "description": "car tires men el Aakher", "description_arabic": null, "features": null, "features_arabic": null, "price": "900.00", "sale_price": "777.00", "available": true, "max_per_order": 1, "min_per_order": 1, "stock": null, "created_at": "2020-07-30T14:25:47.327Z", "updated_at": "2020-08-17T21:25:41.110Z", "image": "media/car_wheel_Pz6sjBj.jpg", "image2": "", "image3": "", "image4": "", "image5": "", "youtube_link": null, "manfacture_date": []}}, {"model": "shop.product", "pk": 6, "fields": {"model": 2, "engine_capacity": 2, "category": 2, "name": "teat", "slug": "teat", "name_arabic": null, "product_commercial_name": null, "product_commercial_name_arabic": null, "made_in": null, "made_in_arabic": null, "description": "teat teat teat teat teat teat teat teat teat teat teat teat teat teat teat teat teat teat teat teat teat teat teat teat teat teat teat teat teat \r\n\r\n\r\n\r\n\r\nteat teat teat teat teat teat teat teat v\r\n\r\n\r\n\r\nteat teat teat teat teat teat", "description_arabic": null, "features": null, "features_arabic": null, "price": "300.00", "sale_price": null, "available": true, "max_per_order": 1, "min_per_order": 1, "stock": null, "created_at": "2020-07-30T23:21:10.847Z", "updated_at": "2020-08-17T21:24:04.169Z", "image": "media/Mercedes-Benz_500I_engine_rear_Mercedes-Benz_Museum_bDuf1mk.jpg", "image2": "", "image3": "", "image4": "", "image5": "", "youtube_link": null, "manfacture_date": [2, 3, 4, 5]}}, {"model": "shop.product", "pk": 7, "fields": {"model": 3, "engine_capacity": 2, "category": 2, "name": "rush product", "slug": "rush-product", "name_arabic": null, "product_commercial_name": "popko", "product_commercial_name_arabic": null, "made_in": "korea", "made_in_arabic": null, "description": "DescriptionDescriptionDescriptionDescriptionDescriptionDescription\r\nDescriptionDescriptionDescription\r\n\r\n\r\nDescriptionDescriptionDescription\r\n\r\n\r\nDescription\r\n\r\n\r\nDescriptionDescriptionDescription:\r\nDescriptionDescriptionDescriptionDescriptionDescriptionDescriptionDescriptionDescriptionDescriptionDescriptionDescriptionDescriptionDescriptionDescriptionDescriptionDescriptionDescriptionDescriptionDescriptionDescriptionDescriptionDescriptionDescriptionDescriptionDescriptionDescriptionDescriptionDescriptionDescriptionDescriptionDescriptionDescriptionDescriptionDescriptionDescriptionDescriptionDescriptionDescriptionDescriptionDescriptionDescriptionDescription", "description_arabic": null, "features": "FeaturesFeaturesFeaturesFeatures\r\n\r\nFeaturesFeaturesFeatures\r\nFeatures\r\n\r\n\r\nFeaturesFeatures\r\n\r\nFeaturesFeatures", "features_arabic": null, "price": "300.00", "sale_price": "233.00", "available": true, "max_per_order": 1, "min_per_order": 10, "stock": null, "created_at": "2020-08-24T22:22:03.050Z", "updated_at": "2020-08-24T22:22:03.050Z", "image": "media/engine_parts270x270.jpg", "image2": "media/270x270_eMkDzyp.jpg", "image3": "media/BARE-CYLINDER-HEAD-TOYOTA-2E-1.3-LTR-.1-800x800_z95XkJJ.jpg", "image4": "media/engine_parts800x800_b6TTEda.jpg", "image5": "media/engine_parts270x270_x5pOq1z.jpg", "youtube_link": null, "manfacture_date": [5, 6, 7]}}, {"model": "shop.product", "pk": 8, "fields": {"model": null, "engine_capacity": null, "category": 1, "name": "pop", "slug": "mohamedelhay", "name_arabic": "po", "product_commercial_name": "popko", "product_commercial_name_arabic": "\u0628\u0648\u0628\u0648", "made_in": "china", "made_in_arabic": "\u0635\u064a\u0646", "description": "Description", "description_arabic": "\u0634\u0631\u062d", "features": "Features:", "features_arabic": "\u0645\u0645\u064a\u0632\u0627\u062a", "price": "140.00", "sale_price": "2432.00", "available": true, "max_per_order": 6, "min_per_order": 1, "stock": null, "created_at": "2020-08-27T06:29:51.898Z", "updated_at": "2020-08-27T06:29:51.898Z", "image": "media/270x270_z3kn1nH.jpg", "image2": "", "image3": "", "image4": "", "image5": "", "youtube_link": null, "manfacture_date": []}}, {"model": "shop.reviewproduct", "pk": 3, "fields": {"product": "michllane", "pub_date": "2020-08-10T06:22:16.529Z", "user_name": "mohamed", "comment": "good tires from japan", "Reply": null, "rate": 3}}, {"model": "shop.reviewproduct", "pk": 4, "fields": {"product": "car charger", "pub_date": "2020-08-10T06:23:49.597Z", "user_name": "mohamed", "comment": "Perfecto", "Reply": null, "rate": 1}}, {"model": "shop.reviewproduct", "pk": 5, "fields": {"product": "charge pipe", "pub_date": "2020-08-10T06:36:13.277Z", "user_name": "mohamed", "comment": "good material and amazing work ... thanks", "Reply": null, "rate": 4}}, {"model": "shop.homepage_adds", "pk": 1, "fields": {"product": 1, "slide_title": "offer car charger", "slide_image": "media/ford1920x720.jpg"}}, {"model": "shop.homepage_adds", "pk": 2, "fields": {"product": 5, "slide_title": "tyre", "slide_image": "media/civic1920x720.jpg"}}, {"model": "shop.homepage_adds", "pk": 3, "fields": {"product": 2, "slide_title": "cylinder", "slide_image": "media/roover1920x720.jpg"}}, {"model": "shop.homepage_banners", "pk": 1, "fields": {"product": null, "banner_title": "test", "banner_image": "media/bmw640x400.jpg"}}, {"model": "shop.homepage_banners", "pk": 2, "fields": {"product": null, "banner_title": "test2", "banner_image": "media/qza640x400.jpg"}}, {"model": "shop.homepage_banners", "pk": 3, "fields": {"product": null, "banner_title": "t3", "banner_image": "media/carPart640x400.jpg"}}, {"model": "orders.orderitem", "pk": 1, "fields": {"order": 1, "product": 1, "price": "90.00", "quantity": 9}}, {"model": "orders.orderitem", "pk": 2, "fields": {"order": 1, "product": 2, "price": "1950.00", "quantity": 5}}, {"model": "orders.orderitem", "pk": 3, "fields": {"order": 1, "product": 3, "price": "600.00", "quantity": 2}}, {"model": "orders.orderitem", "pk": 4, "fields": {"order": 2, "product": 1, "price": "90.00", "quantity": 9}}, {"model": "orders.orderitem", "pk": 5, "fields": {"order": 2, "product": 2, "price": "1950.00", "quantity": 5}}, {"model": "orders.orderitem", "pk": 6, "fields": {"order": 2, "product": 3, "price": "600.00", "quantity": 2}}, {"model": "orders.orderitem", "pk": 7, "fields": {"order": 3, "product": 3, "price": "600.00", "quantity": 1}}, {"model": "orders.orderitem", "pk": 8, "fields": {"order": 3, "product": 1, "price": "50.00", "quantity": 1}}, {"model": "orders.orderitem", "pk": 9, "fields": {"order": 4, "product": 1, "price": "90.00", "quantity": 10}}, {"model": "orders.orderitem", "pk": 10, "fields": {"order": 5, "product": 1, "price": "90.00", "quantity": 10}}, {"model": "orders.orderitem", "pk": 11, "fields": {"order": 6, "product": 1, "price": "90.00", "quantity": 10}}, {"model": "orders.orderitem", "pk": 12, "fields": {"order": 7, "product": 1, "price": "90.00", "quantity": 10}}, {"model": "orders.orderitem", "pk": 13, "fields": {"order": 8, "product": 1, "price": "90.00", "quantity": 10}}, {"model": "orders.orderitem", "pk": 14, "fields": {"order": 9, "product": 1, "price": "90.00", "quantity": 10}}, {"model": "orders.orderitem", "pk": 15, "fields": {"order": 10, "product": 1, "price": "90.00", "quantity": 10}}, {"model": "orders.orderitem", "pk": 16, "fields": {"order": 11, "product": 3, "price": "600.00", "quantity": 23}}, {"model": "orders.orderitem", "pk": 17, "fields": {"order": 12, "product": 3, "price": "600.00", "quantity": 23}}, {"model": "orders.orderitem", "pk": 18, "fields": {"order": 12, "product": 5, "price": "900.00", "quantity": 1}}, {"model": "orders.orderitem", "pk": 19, "fields": {"order": 13, "product": 6, "price": "300.00", "quantity": 1}}, {"model": "orders.orderitem", "pk": 20, "fields": {"order": 14, "product": 6, "price": "300.00", "quantity": 1}}, {"model": "orders.orderitem", "pk": 21, "fields": {"order": 15, "product": 6, "price": "300.00", "quantity": 1}}, {"model": "orders.orderitem", "pk": 22, "fields": {"order": 16, "product": 6, "price": "300.00", "quantity": 1}}, {"model": "orders.orderitem", "pk": 23, "fields": {"order": 17, "product": 2, "price": "1950.00", "quantity": 53}}, {"model": "orders.orderitem", "pk": 24, "fields": {"order": 18, "product": 2, "price": "1950.00", "quantity": 53}}, {"model": "orders.orderitem", "pk": 25, "fields": {"order": 18, "product": 6, "price": "300.00", "quantity": 70}}, {"model": "orders.orderitem", "pk": 26, "fields": {"order": 19, "product": 2, "price": "1950.00", "quantity": 5}}, {"model": "orders.orderitem", "pk": 27, "fields": {"order": 20, "product": 2, "price": "1000.00", "quantity": 5}}, {"model": "orders.orderitem", "pk": 28, "fields": {"order": 21, "product": 2, "price": "1500.00", "quantity": 2}}, {"model": "orders.orderitem", "pk": 29, "fields": {"order": 22, "product": 2, "price": "1000.00", "quantity": 2}}, {"model": "orders.orderitem", "pk": 30, "fields": {"order": 23, "product": 2, "price": "1200.00", "quantity": 2}}, {"model": "orders.orderitem", "pk": 31, "fields": {"order": 24, "product": 2, "price": "900.00", "quantity": 2}}, {"model": "orders.orderitem", "pk": 32, "fields": {"order": 25, "product": 2, "price": "900.00", "quantity": 2}}, {"model": "orders.orderitem", "pk": 33, "fields": {"order": 25, "product": 3, "price": "600.00", "quantity": 3}}, {"model": "orders.orderitem", "pk": 34, "fields": {"order": 26, "product": 2, "price": "900.00", "quantity": 2}}, {"model": "orders.orderitem", "pk": 35, "fields": {"order": 26, "product": 3, "price": "800.00", "quantity": 3}}, {"model": "orders.orderitem", "pk": 36, "fields": {"order": 27, "product": 2, "price": "900.00", "quantity": 2}}, {"model": "orders.orderitem", "pk": 37, "fields": {"order": 27, "product": 3, "price": "800.00", "quantity": 3}}, {"model": "orders.orderitem", "pk": 38, "fields": {"order": 29, "product": 2, "price": "900.00", "quantity": 2}}, {"model": "orders.orderitem", "pk": 39, "fields": {"order": 29, "product": 3, "price": "800.00", "quantity": 3}}, {"model": "orders.orderitem", "pk": 40, "fields": {"order": 30, "product": 3, "price": "800.00", "quantity": 3}}, {"model": "orders.orderitem", "pk": 41, "fields": {"order": 31, "product": 3, "price": "800.00", "quantity": 3}}, {"model": "orders.orderitem", "pk": 42, "fields": {"order": 32, "product": 3, "price": "800.00", "quantity": 3}}, {"model": "orders.orderitem", "pk": 43, "fields": {"order": 32, "product": 2, "price": "900.00", "quantity": 4}}, {"model": "orders.orderitem", "pk": 44, "fields": {"order": 33, "product": 3, "price": "800.00", "quantity": 3}}, {"model": "orders.orderitem", "pk": 45, "fields": {"order": 33, "product": 2, "price": "900.00", "quantity": 4}}, {"model": "orders.orderitem", "pk": 46, "fields": {"order": 34, "product": 3, "price": "800.00", "quantity": 3}}, {"model": "orders.orderitem", "pk": 47, "fields": {"order": 34, "product": 2, "price": "900.00", "quantity": 4}}, {"model": "orders.orderitem", "pk": 48, "fields": {"order": 35, "product": 3, "price": "800.00", "quantity": 3}}, {"model": "orders.orderitem", "pk": 49, "fields": {"order": 35, "product": 2, "price": "900.00", "quantity": 4}}, {"model": "orders.orderitem", "pk": 50, "fields": {"order": 36, "product": 3, "price": "800.00", "quantity": 3}}, {"model": "orders.orderitem", "pk": 51, "fields": {"order": 36, "product": 2, "price": "900.00", "quantity": 4}}, {"model": "orders.orderitem", "pk": 52, "fields": {"order": 37, "product": 3, "price": "800.00", "quantity": 3}}, {"model": "orders.orderitem", "pk": 53, "fields": {"order": 37, "product": 2, "price": "900.00", "quantity": 4}}, {"model": "orders.orderitem", "pk": 54, "fields": {"order": 38, "product": 3, "price": "800.00", "quantity": 3}}, {"model": "orders.orderitem", "pk": 55, "fields": {"order": 38, "product": 2, "price": "900.00", "quantity": 4}}, {"model": "orders.orderitem", "pk": 56, "fields": {"order": 39, "product": 3, "price": "800.00", "quantity": 3}}, {"model": "orders.orderitem", "pk": 57, "fields": {"order": 39, "product": 2, "price": "900.00", "quantity": 4}}, {"model": "orders.shippingcosts", "pk": 1, "fields": {"shipping_city": "cairo", "shipping_cost": "10.00"}}, {"model": "orders.shippingcosts", "pk": 2, "fields": {"shipping_city": "giza", "shipping_cost": "20.00"}}, {"model": "orders.shippingcosts", "pk": 3, "fields": {"shipping_city": "alexandria", "shipping_cost": "30.00"}}, {"model": "orders.shippingcosts", "pk": 4, "fields": {"shipping_city": "hurghada", "shipping_cost": "50.00"}}, {"model": "star_ratings.rating", "pk": 1, "fields": {"count": 1, "total": 4, "average": "4.000", "content_type": 10, "object_id": 1}}, {"model": "star_ratings.rating", "pk": 2, "fields": {"count": 1, "total": 5, "average": "5.000", "content_type": 10, "object_id": 3}}, {"model": "star_ratings.rating", "pk": 3, "fields": {"count": 0, "total": 0, "average": "0.000", "content_type": 10, "object_id": 2}}, {"model": "star_ratings.rating", "pk": 4, "fields": {"count": 0, "total": 0, "average": "0.000", "content_type": 10, "object_id": 4}}, {"model": "star_ratings.rating", "pk": 5, "fields": {"count": 1, "total": 5, "average": "5.000", "content_type": 10, "object_id": 5}}, {"model": "star_ratings.rating", "pk": 6, "fields": {"count": 0, "total": 0, "average": "0.000", "content_type": 10, "object_id": 6}}, {"model": "star_ratings.rating", "pk": 7, "fields": {"count": 0, "total": 0, "average": "0.000", "content_type": 10, "object_id": 7}}, {"model": "star_ratings.rating", "pk": 8, "fields": {"count": 0, "total": 0, "average": "0.000", "content_type": 10, "object_id": 8}}, {"model": "auth.permission", "pk": 1, "fields": {"name": "Can add log entry", "content_type": 1, "codename": "add_logentry"}}, {"model": "auth.permission", "pk": 2, "fields": {"name": "Can change log entry", "content_type": 1, "codename": "change_logentry"}}, {"model": "auth.permission", "pk": 3, "fields": {"name": "Can delete log entry", "content_type": 1, "codename": "delete_logentry"}}, {"model": "auth.permission", "pk": 4, "fields": {"name": "Can view log entry", "content_type": 1, "codename": "view_logentry"}}, {"model": "auth.permission", "pk": 5, "fields": {"name": "Can add permission", "content_type": 2, "codename": "add_permission"}}, {"model": "auth.permission", "pk": 6, "fields": {"name": "Can change permission", "content_type": 2, "codename": "change_permission"}}, {"model": "auth.permission", "pk": 7, "fields": {"name": "Can delete permission", "content_type": 2, "codename": "delete_permission"}}, {"model": "auth.permission", "pk": 8, "fields": {"name": "Can view permission", "content_type": 2, "codename": "view_permission"}}, {"model": "auth.permission", "pk": 9, "fields": {"name": "Can add group", "content_type": 3, "codename": "add_group"}}, {"model": "auth.permission", "pk": 10, "fields": {"name": "Can change group", "content_type": 3, "codename": "change_group"}}, {"model": "auth.permission", "pk": 11, "fields": {"name": "Can delete group", "content_type": 3, "codename": "delete_group"}}, {"model": "auth.permission", "pk": 12, "fields": {"name": "Can view group", "content_type": 3, "codename": "view_group"}}, {"model": "auth.permission", "pk": 13, "fields": {"name": "Can add content type", "content_type": 4, "codename": "add_contenttype"}}, {"model": "auth.permission", "pk": 14, "fields": {"name": "Can change content type", "content_type": 4, "codename": "change_contenttype"}}, {"model": "auth.permission", "pk": 15, "fields": {"name": "Can delete content type", "content_type": 4, "codename": "delete_contenttype"}}, {"model": "auth.permission", "pk": 16, "fields": {"name": "Can view content type", "content_type": 4, "codename": "view_contenttype"}}, {"model": "auth.permission", "pk": 17, "fields": {"name": "Can add session", "content_type": 5, "codename": "add_session"}}, {"model": "auth.permission", "pk": 18, "fields": {"name": "Can change session", "content_type": 5, "codename": "change_session"}}, {"model": "auth.permission", "pk": 19, "fields": {"name": "Can delete session", "content_type": 5, "codename": "delete_session"}}, {"model": "auth.permission", "pk": 20, "fields": {"name": "Can view session", "content_type": 5, "codename": "view_session"}}, {"model": "auth.permission", "pk": 21, "fields": {"name": "Can add user", "content_type": 6, "codename": "add_customuser"}}, {"model": "auth.permission", "pk": 22, "fields": {"name": "Can change user", "content_type": 6, "codename": "change_customuser"}}, {"model": "auth.permission", "pk": 23, "fields": {"name": "Can delete user", "content_type": 6, "codename": "delete_customuser"}}, {"model": "auth.permission", "pk": 24, "fields": {"name": "Can view user", "content_type": 6, "codename": "view_customuser"}}, {"model": "auth.permission", "pk": 25, "fields": {"name": "Can add profile", "content_type": 7, "codename": "add_profile"}}, {"model": "auth.permission", "pk": 26, "fields": {"name": "Can change profile", "content_type": 7, "codename": "change_profile"}}, {"model": "auth.permission", "pk": 27, "fields": {"name": "Can delete profile", "content_type": 7, "codename": "delete_profile"}}, {"model": "auth.permission", "pk": 28, "fields": {"name": "Can view profile", "content_type": 7, "codename": "view_profile"}}, {"model": "auth.permission", "pk": 29, "fields": {"name": "Can add shipping", "content_type": 8, "codename": "add_shipping"}}, {"model": "auth.permission", "pk": 30, "fields": {"name": "Can change shipping", "content_type": 8, "codename": "change_shipping"}}, {"model": "auth.permission", "pk": 31, "fields": {"name": "Can delete shipping", "content_type": 8, "codename": "delete_shipping"}}, {"model": "auth.permission", "pk": 32, "fields": {"name": "Can view shipping", "content_type": 8, "codename": "view_shipping"}}, {"model": "auth.permission", "pk": 33, "fields": {"name": "Can add model", "content_type": 9, "codename": "add_model"}}, {"model": "auth.permission", "pk": 34, "fields": {"name": "Can change model", "content_type": 9, "codename": "change_model"}}, {"model": "auth.permission", "pk": 35, "fields": {"name": "Can delete model", "content_type": 9, "codename": "delete_model"}}, {"model": "auth.permission", "pk": 36, "fields": {"name": "Can view model", "content_type": 9, "codename": "view_model"}}, {"model": "auth.permission", "pk": 37, "fields": {"name": "Can add product", "content_type": 10, "codename": "add_product"}}, {"model": "auth.permission", "pk": 38, "fields": {"name": "Can change product", "content_type": 10, "codename": "change_product"}}, {"model": "auth.permission", "pk": 39, "fields": {"name": "Can delete product", "content_type": 10, "codename": "delete_product"}}, {"model": "auth.permission", "pk": 40, "fields": {"name": "Can view product", "content_type": 10, "codename": "view_product"}}, {"model": "auth.permission", "pk": 41, "fields": {"name": "Can add PartType", "content_type": 11, "codename": "add_category"}}, {"model": "auth.permission", "pk": 42, "fields": {"name": "Can change PartType", "content_type": 11, "codename": "change_category"}}, {"model": "auth.permission", "pk": 43, "fields": {"name": "Can delete PartType", "content_type": 11, "codename": "delete_category"}}, {"model": "auth.permission", "pk": 44, "fields": {"name": "Can view PartType", "content_type": 11, "codename": "view_category"}}, {"model": "auth.permission", "pk": 45, "fields": {"name": "Can add manfacture date", "content_type": 12, "codename": "add_manfacturedate"}}, {"model": "auth.permission", "pk": 46, "fields": {"name": "Can change manfacture date", "content_type": 12, "codename": "change_manfacturedate"}}, {"model": "auth.permission", "pk": 47, "fields": {"name": "Can delete manfacture date", "content_type": 12, "codename": "delete_manfacturedate"}}, {"model": "auth.permission", "pk": 48, "fields": {"name": "Can view manfacture date", "content_type": 12, "codename": "view_manfacturedate"}}, {"model": "auth.permission", "pk": 49, "fields": {"name": "Can add brand", "content_type": 13, "codename": "add_brand"}}, {"model": "auth.permission", "pk": 50, "fields": {"name": "Can change brand", "content_type": 13, "codename": "change_brand"}}, {"model": "auth.permission", "pk": 51, "fields": {"name": "Can delete brand", "content_type": 13, "codename": "delete_brand"}}, {"model": "auth.permission", "pk": 52, "fields": {"name": "Can view brand", "content_type": 13, "codename": "view_brand"}}, {"model": "auth.permission", "pk": 53, "fields": {"name": "Can add order item", "content_type": 14, "codename": "add_orderitem"}}, {"model": "auth.permission", "pk": 54, "fields": {"name": "Can change order item", "content_type": 14, "codename": "change_orderitem"}}, {"model": "auth.permission", "pk": 55, "fields": {"name": "Can delete order item", "content_type": 14, "codename": "delete_orderitem"}}, {"model": "auth.permission", "pk": 56, "fields": {"name": "Can view order item", "content_type": 14, "codename": "view_orderitem"}}, {"model": "auth.permission", "pk": 57, "fields": {"name": "Can add order", "content_type": 15, "codename": "add_order"}}, {"model": "auth.permission", "pk": 58, "fields": {"name": "Can change order", "content_type": 15, "codename": "change_order"}}, {"model": "auth.permission", "pk": 59, "fields": {"name": "Can delete order", "content_type": 15, "codename": "delete_order"}}, {"model": "auth.permission", "pk": 60, "fields": {"name": "Can view order", "content_type": 15, "codename": "view_order"}}, {"model": "auth.permission", "pk": 61, "fields": {"name": "Can add engine capacity", "content_type": 16, "codename": "add_enginecapacity"}}, {"model": "auth.permission", "pk": 62, "fields": {"name": "Can change engine capacity", "content_type": 16, "codename": "change_enginecapacity"}}, {"model": "auth.permission", "pk": 63, "fields": {"name": "Can delete engine capacity", "content_type": 16, "codename": "delete_enginecapacity"}}, {"model": "auth.permission", "pk": 64, "fields": {"name": "Can view engine capacity", "content_type": 16, "codename": "view_enginecapacity"}}, {"model": "auth.permission", "pk": 65, "fields": {"name": "Can add shipping costs", "content_type": 17, "codename": "add_shippingcosts"}}, {"model": "auth.permission", "pk": 66, "fields": {"name": "Can change shipping costs", "content_type": 17, "codename": "change_shippingcosts"}}, {"model": "auth.permission", "pk": 67, "fields": {"name": "Can delete shipping costs", "content_type": 17, "codename": "delete_shippingcosts"}}, {"model": "auth.permission", "pk": 68, "fields": {"name": "Can view shipping costs", "content_type": 17, "codename": "view_shippingcosts"}}, {"model": "auth.permission", "pk": 69, "fields": {"name": "Can add association", "content_type": 18, "codename": "add_association"}}, {"model": "auth.permission", "pk": 70, "fields": {"name": "Can change association", "content_type": 18, "codename": "change_association"}}, {"model": "auth.permission", "pk": 71, "fields": {"name": "Can delete association", "content_type": 18, "codename": "delete_association"}}, {"model": "auth.permission", "pk": 72, "fields": {"name": "Can view association", "content_type": 18, "codename": "view_association"}}, {"model": "auth.permission", "pk": 73, "fields": {"name": "Can add code", "content_type": 19, "codename": "add_code"}}, {"model": "auth.permission", "pk": 74, "fields": {"name": "Can change code", "content_type": 19, "codename": "change_code"}}, {"model": "auth.permission", "pk": 75, "fields": {"name": "Can delete code", "content_type": 19, "codename": "delete_code"}}, {"model": "auth.permission", "pk": 76, "fields": {"name": "Can view code", "content_type": 19, "codename": "view_code"}}, {"model": "auth.permission", "pk": 77, "fields": {"name": "Can add nonce", "content_type": 20, "codename": "add_nonce"}}, {"model": "auth.permission", "pk": 78, "fields": {"name": "Can change nonce", "content_type": 20, "codename": "change_nonce"}}, {"model": "auth.permission", "pk": 79, "fields": {"name": "Can delete nonce", "content_type": 20, "codename": "delete_nonce"}}, {"model": "auth.permission", "pk": 80, "fields": {"name": "Can view nonce", "content_type": 20, "codename": "view_nonce"}}, {"model": "auth.permission", "pk": 81, "fields": {"name": "Can add user social auth", "content_type": 21, "codename": "add_usersocialauth"}}, {"model": "auth.permission", "pk": 82, "fields": {"name": "Can change user social auth", "content_type": 21, "codename": "change_usersocialauth"}}, {"model": "auth.permission", "pk": 83, "fields": {"name": "Can delete user social auth", "content_type": 21, "codename": "delete_usersocialauth"}}, {"model": "auth.permission", "pk": 84, "fields": {"name": "Can view user social auth", "content_type": 21, "codename": "view_usersocialauth"}}, {"model": "auth.permission", "pk": 85, "fields": {"name": "Can add partial", "content_type": 22, "codename": "add_partial"}}, {"model": "auth.permission", "pk": 86, "fields": {"name": "Can change partial", "content_type": 22, "codename": "change_partial"}}, {"model": "auth.permission", "pk": 87, "fields": {"name": "Can delete partial", "content_type": 22, "codename": "delete_partial"}}, {"model": "auth.permission", "pk": 88, "fields": {"name": "Can view partial", "content_type": 22, "codename": "view_partial"}}, {"model": "auth.permission", "pk": 89, "fields": {"name": "Can add rating", "content_type": 23, "codename": "add_rating"}}, {"model": "auth.permission", "pk": 90, "fields": {"name": "Can change rating", "content_type": 23, "codename": "change_rating"}}, {"model": "auth.permission", "pk": 91, "fields": {"name": "Can delete rating", "content_type": 23, "codename": "delete_rating"}}, {"model": "auth.permission", "pk": 92, "fields": {"name": "Can view rating", "content_type": 23, "codename": "view_rating"}}, {"model": "auth.permission", "pk": 93, "fields": {"name": "Can add user rating", "content_type": 24, "codename": "add_userrating"}}, {"model": "auth.permission", "pk": 94, "fields": {"name": "Can change user rating", "content_type": 24, "codename": "change_userrating"}}, {"model": "auth.permission", "pk": 95, "fields": {"name": "Can delete user rating", "content_type": 24, "codename": "delete_userrating"}}, {"model": "auth.permission", "pk": 96, "fields": {"name": "Can view user rating", "content_type": 24, "codename": "view_userrating"}}, {"model": "auth.permission", "pk": 97, "fields": {"name": "Can add review product", "content_type": 25, "codename": "add_reviewproduct"}}, {"model": "auth.permission", "pk": 98, "fields": {"name": "Can change review product", "content_type": 25, "codename": "change_reviewproduct"}}, {"model": "auth.permission", "pk": 99, "fields": {"name": "Can delete review product", "content_type": 25, "codename": "delete_reviewproduct"}}, {"model": "auth.permission", "pk": 100, "fields": {"name": "Can view review product", "content_type": 25, "codename": "view_reviewproduct"}}, {"model": "auth.permission", "pk": 101, "fields": {"name": "Can add wishlist", "content_type": 26, "codename": "add_wishlist"}}, {"model": "auth.permission", "pk": 102, "fields": {"name": "Can change wishlist", "content_type": 26, "codename": "change_wishlist"}}, {"model": "auth.permission", "pk": 103, "fields": {"name": "Can delete wishlist", "content_type": 26, "codename": "delete_wishlist"}}, {"model": "auth.permission", "pk": 104, "fields": {"name": "Can view wishlist", "content_type": 26, "codename": "view_wishlist"}}, {"model": "auth.permission", "pk": 105, "fields": {"name": "Can add Blacklisted IP", "content_type": 27, "codename": "add_blacklistip"}}, {"model": "auth.permission", "pk": 106, "fields": {"name": "Can change Blacklisted IP", "content_type": 27, "codename": "change_blacklistip"}}, {"model": "auth.permission", "pk": 107, "fields": {"name": "Can delete Blacklisted IP", "content_type": 27, "codename": "delete_blacklistip"}}, {"model": "auth.permission", "pk": 108, "fields": {"name": "Can view Blacklisted IP", "content_type": 27, "codename": "view_blacklistip"}}, {"model": "auth.permission", "pk": 109, "fields": {"name": "Can add Blacklisted User Agent", "content_type": 28, "codename": "add_blacklistuseragent"}}, {"model": "auth.permission", "pk": 110, "fields": {"name": "Can change Blacklisted User Agent", "content_type": 28, "codename": "change_blacklistuseragent"}}, {"model": "auth.permission", "pk": 111, "fields": {"name": "Can delete Blacklisted User Agent", "content_type": 28, "codename": "delete_blacklistuseragent"}}, {"model": "auth.permission", "pk": 112, "fields": {"name": "Can view Blacklisted User Agent", "content_type": 28, "codename": "view_blacklistuseragent"}}, {"model": "auth.permission", "pk": 113, "fields": {"name": "Can add hit", "content_type": 29, "codename": "add_hit"}}, {"model": "auth.permission", "pk": 114, "fields": {"name": "Can change hit", "content_type": 29, "codename": "change_hit"}}, {"model": "auth.permission", "pk": 115, "fields": {"name": "Can delete hit", "content_type": 29, "codename": "delete_hit"}}, {"model": "auth.permission", "pk": 116, "fields": {"name": "Can view hit", "content_type": 29, "codename": "view_hit"}}, {"model": "auth.permission", "pk": 117, "fields": {"name": "Can add hit count", "content_type": 30, "codename": "add_hitcount"}}, {"model": "auth.permission", "pk": 118, "fields": {"name": "Can change hit count", "content_type": 30, "codename": "change_hitcount"}}, {"model": "auth.permission", "pk": 119, "fields": {"name": "Can delete hit count", "content_type": 30, "codename": "delete_hitcount"}}, {"model": "auth.permission", "pk": 120, "fields": {"name": "Can view hit count", "content_type": 30, "codename": "view_hitcount"}}, {"model": "auth.permission", "pk": 121, "fields": {"name": "Can add home page_banners", "content_type": 31, "codename": "add_homepage_banners"}}, {"model": "auth.permission", "pk": 122, "fields": {"name": "Can change home page_banners", "content_type": 31, "codename": "change_homepage_banners"}}, {"model": "auth.permission", "pk": 123, "fields": {"name": "Can delete home page_banners", "content_type": 31, "codename": "delete_homepage_banners"}}, {"model": "auth.permission", "pk": 124, "fields": {"name": "Can view home page_banners", "content_type": 31, "codename": "view_homepage_banners"}}, {"model": "auth.permission", "pk": 125, "fields": {"name": "Can add home page_adds", "content_type": 32, "codename": "add_homepage_adds"}}, {"model": "auth.permission", "pk": 126, "fields": {"name": "Can change home page_adds", "content_type": 32, "codename": "change_homepage_adds"}}, {"model": "auth.permission", "pk": 127, "fields": {"name": "Can delete home page_adds", "content_type": 32, "codename": "delete_homepage_adds"}}, {"model": "auth.permission", "pk": 128, "fields": {"name": "Can view home page_adds", "content_type": 32, "codename": "view_homepage_adds"}}, {"model": "auth.permission", "pk": 129, "fields": {"name": "Can add blog_tags", "content_type": 33, "codename": "add_blog_tags"}}, {"model": "auth.permission", "pk": 130, "fields": {"name": "Can change blog_tags", "content_type": 33, "codename": "change_blog_tags"}}, {"model": "auth.permission", "pk": 131, "fields": {"name": "Can delete blog_tags", "content_type": 33, "codename": "delete_blog_tags"}}, {"model": "auth.permission", "pk": 132, "fields": {"name": "Can view blog_tags", "content_type": 33, "codename": "view_blog_tags"}}, {"model": "auth.permission", "pk": 133, "fields": {"name": "Can add blog", "content_type": 34, "codename": "add_blog"}}, {"model": "auth.permission", "pk": 134, "fields": {"name": "Can change blog", "content_type": 34, "codename": "change_blog"}}, {"model": "auth.permission", "pk": 135, "fields": {"name": "Can delete blog", "content_type": 34, "codename": "delete_blog"}}, {"model": "auth.permission", "pk": 136, "fields": {"name": "Can view blog", "content_type": 34, "codename": "view_blog"}}, {"model": "users.customuser", "pk": 1, "fields": {"password": "pbkdf2_sha256$180000$tYUQF3skNinh$pUn5vF9FiKYwoLn5bs6NIIQMJ9FgXyCJfHJbQAP5eXA=", "last_login": "2020-08-27T14:29:12.024Z", "is_superuser": true, "username": "mohamed", "first_name": "", "last_name": "", "is_staff": true, "is_active": true, "date_joined": "2020-07-24T12:46:36.200Z", "name": "", "city": "6th of October", "province": "Giza", "country": "Egypt", "mobile": "+201224096150", "photo": "static/images/clipart-travel.jpg", "newsLetter": false, "agreement": true, "email": "mohamed_abdelhay@hotmail.com", "is_vip": false, "vip_date_from": null, "groups": [], "user_permissions": []}}, {"model": "users.customuser", "pk": 2, "fields": {"password": "pbkdf2_sha256$180000$sdCt7JEvshrh$QALDFP3L1xO6rIxOD8/yKMUNCC4OOKaUyOnQLTYaofw=", "last_login": "2020-08-13T07:25:15.860Z", "is_superuser": false, "username": "mido", "first_name": "Mohamed", "last_name": "Abdelhay", "is_staff": false, "is_active": true, "date_joined": "2020-08-13T06:54:55Z", "name": "", "city": null, "province": null, "country": "Egypt", "mobile": null, "photo": "static/images/clipart-travel.jpg", "newsLetter": false, "agreement": true, "email": "mohamed_abdelhay_ahmed@yahoo.com", "is_vip": false, "vip_date_from": null, "groups": [], "user_permissions": []}}, {"model": "users.customuser", "pk": 3, "fields": {"password": "pbkdf2_sha256$180000$3K2olLXEOnJq$vzT8MQnIau61zbEiJ9NpC9uecdNpxr5Fj42drKr/mJM=", "last_login": null, "is_superuser": false, "username": "abdelhay", "first_name": "Ahmedabdelhay", "last_name": "ahmed", "is_staff": false, "is_active": true, "date_joined": "2020-08-13T06:56:06Z", "name": "", "city": null, "province": null, "country": "Egypt", "mobile": null, "photo": "static/images/clipart-travel.jpg", "newsLetter": false, "agreement": true, "email": "a@a.com", "is_vip": false, "vip_date_from": null, "groups": [], "user_permissions": []}}, {"model": "users.customuser", "pk": 4, "fields": {"password": "pbkdf2_sha256$180000$eI5jI98IW6nF$j9iKxeWGEfoL4v1nAwV2HbgGjj2AE0c2F+5QV641K3I=", "last_login": "2020-08-13T07:05:03.993Z", "is_superuser": false, "username": "a", "first_name": "Ahmedabdelhay", "last_name": "ahmed", "is_staff": false, "is_active": true, "date_joined": "2020-08-13T07:02:20.436Z", "name": "", "city": null, "province": null, "country": "Egypt", "mobile": null, "photo": "static/images/clipart-travel.jpg", "newsLetter": false, "agreement": true, "email": "mohamed_hmed@yahoo.com", "is_vip": false, "vip_date_from": null, "groups": [], "user_permissions": []}}, {"model": "users.customuser", "pk": 5, "fields": {"password": "pbkdf2_sha256$180000$CRbAcxucyHbH$erG/tgxvu1LI48uzQzCR1fGjPUbc6E0Ej8ig38BtOl8=", "last_login": "2020-08-13T07:31:25.391Z", "is_superuser": false, "username": "mohamed_abdelhay", "first_name": "koky", "last_name": "Boky", "is_staff": false, "is_active": true, "date_joined": "2020-08-13T07:27:34.952Z", "name": "", "city": null, "province": null, "country": "Egypt", "mobile": null, "photo": "static/images/clipart-travel.jpg", "newsLetter": false, "agreement": true, "email": "mohamed_abdelhay_ahmed@yaoo.com", "is_vip": false, "vip_date_from": null, "groups": [], "user_permissions": []}}, {"model": "users.customuser", "pk": 6, "fields": {"password": "pbkdf2_sha256$180000$NANM7pNm9hRb$IdRR818JiHfxuUrM2aaqks6QP5rLvHXQcSi9rZIUlqM=", "last_login": "2020-08-27T03:34:19.842Z", "is_superuser": false, "username": "mimo", "first_name": "Mohamed", "last_name": "Abdelhay", "is_staff": false, "is_active": true, "date_joined": "2020-08-27T03:33:44.367Z", "name": "", "city": "madinaty", "province": "cairo", "country": "egypt", "mobile": "01234455666", "photo": "static/images/clipart-travel.jpg", "newsLetter": true, "agreement": true, "email": "m@m.com", "is_vip": false, "vip_date_from": null, "groups": [], "user_permissions": []}}, {"model": "users.customuser", "pk": 7, "fields": {"password": "pbkdf2_sha256$180000$kxTJQKXWwO5l$V1T3rrhqfLPa42EgeAx202e9Ce7WqV4/084XB7b+Kdc=", "last_login": "2020-08-27T05:35:07.739Z", "is_superuser": false, "username": "moody", "first_name": "Mohamed", "last_name": "Abdelhay", "is_staff": false, "is_active": true, "date_joined": "2020-08-27T05:34:48.430Z", "name": "", "city": "6th of October", "province": "Giza", "country": "Egypt", "mobile": "122409690", "photo": "static/images/clipart-travel.jpg", "newsLetter": true, "agreement": true, "email": "mohamed_abdelhay@yahoo.com", "is_vip": false, "vip_date_from": null, "groups": [], "user_permissions": []}}, {"model": "users.profile", "pk": 1, "fields": {"user": 1, "email_confirmed": false}}, {"model": "users.profile", "pk": 2, "fields": {"user": 2, "email_confirmed": false}}, {"model": "users.profile", "pk": 3, "fields": {"user": 3, "email_confirmed": false}}, {"model": "users.profile", "pk": 4, "fields": {"user": 4, "email_confirmed": true}}, {"model": "users.profile", "pk": 5, "fields": {"user": 5, "email_confirmed": true}}, {"model": "users.profile", "pk": 6, "fields": {"user": 6, "email_confirmed": true}}, {"model": "users.profile", "pk": 7, "fields": {"user": 7, "email_confirmed": true}}, {"model": "users.wishlist", "pk": 10, "fields": {"product": 3, "get_user": 1}}, {"model": "orders.order", "pk": 1, "fields": {"user": null, "first_name": "+201224096150", "last_name": "Abdelhay", "email": "mohamed_abdelhay_ahmed@yahoo.com", "postal_code": "12566", "address": "6 October", "city": "6th of October", "province": null, "country": "Egypt", "phone1": 1224096150, "phone2": 1224096150, "created": "2020-07-30T15:13:16.403Z", "updated": "2020-07-30T15:13:16.403Z", "paid": false, "code": "31a414ee-d277-11ea-bc0d-ec5c682bc46d", "shipped": false, "fees": null}}, {"model": "orders.order", "pk": 2, "fields": {"user": null, "first_name": "+201224096150", "last_name": "Abdelhay", "email": "mohamed_abdelhay_ahmed@yahoo.com", "postal_code": "12566", "address": "6 October", "city": "6th of October", "province": null, "country": "Egypt", "phone1": 1224096150, "phone2": 1224096150, "created": "2020-07-30T15:14:45.583Z", "updated": "2020-07-30T15:14:45.583Z", "paid": false, "code": "66cb2eb4-d277-11ea-b666-ec5c682bc46d", "shipped": false, "fees": null}}, {"model": "orders.order", "pk": 3, "fields": {"user": null, "first_name": "+201224096150", "last_name": "Abdelhay", "email": "mohamed_abdelhay_ahmed@yahoo.com", "postal_code": "12566", "address": "6 October", "city": "6th of October", "province": null, "country": "Egypt", "phone1": 1224096150, "phone2": 1223323233333, "created": "2020-08-01T08:01:51.923Z", "updated": "2020-08-01T08:01:51.923Z", "paid": false, "code": "421d3650-d3cd-11ea-8dd9-ec5c682bc46d", "shipped": false, "fees": null}}, {"model": "orders.order", "pk": 4, "fields": {"user": null, "first_name": "+201224096150", "last_name": "Abdelhay", "email": "mohamed_abdelhay_ahmed@yahoo.com", "postal_code": "12566", "address": "6 October", "city": "Cairo", "province": null, "country": "Egypt", "phone1": 122409690, "phone2": 1224096150, "created": "2020-08-01T08:33:39.913Z", "updated": "2020-08-01T08:33:39.913Z", "paid": false, "code": "b35d9a4a-d3d1-11ea-b0dd-ec5c682bc46d", "shipped": false, "fees": null}}, {"model": "orders.order", "pk": 5, "fields": {"user": null, "first_name": "+201224096150", "last_name": "Abdelhay", "email": "mohamed_abdelhay_ahmed@yahoo.com", "postal_code": "12566", "address": "6 October", "city": "Giza", "province": null, "country": "Egypt", "phone1": 122409690, "phone2": 1224096150, "created": "2020-08-01T08:36:37.971Z", "updated": "2020-08-01T08:36:37.971Z", "paid": false, "code": "1d7f0c1a-d3d2-11ea-ad2d-ec5c682bc46d", "shipped": false, "fees": null}}, {"model": "orders.order", "pk": 6, "fields": {"user": null, "first_name": "+201224096150", "last_name": "Abdelhay", "email": "mohamed_abdelhay_ahmed@yahoo.com", "postal_code": "12566", "address": "6 October", "city": "Alexandria", "province": null, "country": "Egypt", "phone1": 122409690, "phone2": 1224096150, "created": "2020-08-01T08:36:45.532Z", "updated": "2020-08-01T08:36:45.532Z", "paid": false, "code": "2201115c-d3d2-11ea-9a0e-ec5c682bc46d", "shipped": false, "fees": null}}, {"model": "orders.order", "pk": 7, "fields": {"user": null, "first_name": "+201224096150", "last_name": "Abdelhay", "email": "mohamed_abdelhay_ahmed@yahoo.com", "postal_code": "12566", "address": "6 October", "city": "Hurghada", "province": null, "country": "Egypt", "phone1": 122409690, "phone2": 1224096150, "created": "2020-08-01T08:36:53.336Z", "updated": "2020-08-01T08:36:53.336Z", "paid": false, "code": "26a80332-d3d2-11ea-8c18-ec5c682bc46d", "shipped": false, "fees": null}}, {"model": "orders.order", "pk": 8, "fields": {"user": null, "first_name": "+201224096150", "last_name": "Abdelhay", "email": "mohamed_abdelhay_ahmed@yahoo.com", "postal_code": "12566", "address": "6 October", "city": "Hurghada", "province": null, "country": "Egypt", "phone1": 122409690, "phone2": 1224096150, "created": "2020-08-01T08:37:02.562Z", "updated": "2020-08-01T08:37:02.562Z", "paid": false, "code": "2c2799f8-d3d2-11ea-849d-ec5c682bc46d", "shipped": false, "fees": null}}, {"model": "orders.order", "pk": 9, "fields": {"user": null, "first_name": "+201224096150", "last_name": "Abdelhay", "email": "mohamed_abdelhay_ahmed@yahoo.com", "postal_code": "12566", "address": "6 October", "city": "Alexandria", "province": null, "country": "Egypt", "phone1": 32323232, "phone2": 122409690, "created": "2020-08-01T08:55:41.020Z", "updated": "2020-08-01T08:55:41.020Z", "paid": false, "code": "c6ce9d9c-d3d4-11ea-82e2-ec5c682bc46d", "shipped": false, "fees": null}}, {"model": "orders.order", "pk": 10, "fields": {"user": null, "first_name": "+201224096150", "last_name": "Abdelhay", "email": "mohamed_abdelhay_ahmed@yahoo.com", "postal_code": "12566", "address": "6 October", "city": "Hurghada", "province": null, "country": "Egypt", "phone1": 32323232, "phone2": 122409690, "created": "2020-08-02T09:40:09.183Z", "updated": "2020-08-02T09:40:09.183Z", "paid": false, "code": "2791cd6e-d4a4-11ea-9f9b-ec5c682bc46d", "shipped": false, "fees": null}}, {"model": "orders.order", "pk": 11, "fields": {"user": null, "first_name": "122409690", "last_name": "Abdelhay", "email": "mohamed_abdelhay_ahmed@yahoo.com", "postal_code": "1256776", "address": "6 October", "city": "Cairo", "province": null, "country": "Egypt", "phone1": 122409690, "phone2": 122409690, "created": "2020-08-13T09:52:02.346Z", "updated": "2020-08-13T09:52:02.346Z", "paid": false, "code": "a33063b4-dd4a-11ea-8153-ec5c682bc46d", "shipped": false, "fees": null}}, {"model": "orders.order", "pk": 12, "fields": {"user": null, "first_name": "032323232", "last_name": "Abdelhay", "email": "mohamed_abdelhay_ahmed@yahoo.com", "postal_code": "122111", "address": "GIza street", "city": "Giza", "province": null, "country": "Egypt", "phone1": 122409690, "phone2": 122409690, "created": "2020-08-13T10:02:05.430Z", "updated": "2020-08-13T10:02:05.430Z", "paid": false, "code": "0aa7d364-dd4c-11ea-8f7e-ec5c682bc46d", "shipped": false, "fees": null}}, {"model": "orders.order", "pk": 13, "fields": {"user": null, "first_name": "01224096150", "last_name": "Abousloud", "email": "mohamed_abdelhay_ahmed@yahoo.com", "postal_code": "12566", "address": "6 October", "city": "none", "province": null, "country": "Egypt", "phone1": 122409690, "phone2": 122409690, "created": "2020-08-13T10:03:43.054Z", "updated": "2020-08-13T10:03:43.054Z", "paid": false, "code": "44d8d0a6-dd4c-11ea-af02-ec5c682bc46d", "shipped": false, "fees": null}}, {"model": "orders.order", "pk": 14, "fields": {"user": null, "first_name": "01224096150", "last_name": "Abousloud", "email": "mohamed_abdelhay_ahmed@yahoo.com", "postal_code": "12566", "address": "6 October", "city": "none", "province": null, "country": "giza", "phone1": 122409690, "phone2": 122409690, "created": "2020-08-13T10:03:58.764Z", "updated": "2020-08-13T10:03:58.764Z", "paid": false, "code": "4e35e044-dd4c-11ea-af02-ec5c682bc46d", "shipped": false, "fees": null}}, {"model": "orders.order", "pk": 15, "fields": {"user": null, "first_name": "01224096150", "last_name": "Abousloud", "email": "mohamed_abdelhay_ahmed@yahoo.com", "postal_code": "12566", "address": "6 October", "city": "none", "province": null, "country": "cairo", "phone1": 122409690, "phone2": 122409690, "created": "2020-08-13T10:04:07.787Z", "updated": "2020-08-13T10:04:07.787Z", "paid": false, "code": "539689bc-dd4c-11ea-af02-ec5c682bc46d", "shipped": false, "fees": null}}, {"model": "orders.order", "pk": 16, "fields": {"user": null, "first_name": "01224096150", "last_name": "Abousloud", "email": "mohamed_abdelhay_ahmed@yahoo.com", "postal_code": "12566", "address": "6 October", "city": "none", "province": null, "country": "Cairo", "phone1": 122409690, "phone2": 122409690, "created": "2020-08-13T10:04:16.126Z", "updated": "2020-08-13T10:04:16.126Z", "paid": false, "code": "588f1c5e-dd4c-11ea-af02-ec5c682bc46d", "shipped": false, "fees": null}}, {"model": "orders.order", "pk": 17, "fields": {"user": null, "first_name": "+201224096150", "last_name": "Abdelhay", "email": "mohamed_abdelhay_ahmed@yahoo.com", "postal_code": "12566", "address": "6 October", "city": "Cairo", "province": null, "country": "Egypt", "phone1": 122409690, "phone2": 1224096150, "created": "2020-08-13T13:17:19.279Z", "updated": "2020-08-13T13:17:19.279Z", "paid": false, "code": "50a6ff5a-dd67-11ea-a540-ec5c682bc46d", "shipped": false, "fees": null}}, {"model": "orders.order", "pk": 18, "fields": {"user": null, "first_name": "+201224096150", "last_name": "Abdelhay", "email": "mohamed_abdelhay_ahmed@yahoo.com", "postal_code": "12566", "address": "6 October", "city": "Cairo", "province": null, "country": "Egypt", "phone1": 32323232, "phone2": 122409690, "created": "2020-08-13T13:19:07.346Z", "updated": "2020-08-13T13:19:07.347Z", "paid": false, "code": "9110efe2-dd67-11ea-b2eb-ec5c682bc46d", "shipped": false, "fees": null}}, {"model": "orders.order", "pk": 19, "fields": {"user": null, "first_name": "+201224096150", "last_name": "Abdelhay", "email": "mohamed_abdelhay_ahmed@yahoo.com", "postal_code": "12566", "address": "6 October", "city": "Cairo", "province": null, "country": "Egypt", "phone1": 1224096150, "phone2": 32323232, "created": "2020-08-21T17:50:05.754Z", "updated": "2020-08-21T17:50:05.754Z", "paid": false, "code": "bf227408-e3d6-11ea-ac91-ec5c682bc46d", "shipped": false, "fees": null}}, {"model": "orders.order", "pk": 20, "fields": {"user": null, "first_name": "+201224096150", "last_name": "Abdelhay", "email": "mohamed_abdelhay_ahmed@yahoo.com", "postal_code": "12566", "address": "6 October", "city": "Cairo", "province": null, "country": "Egypt", "phone1": 1224096150, "phone2": 32323232, "created": "2020-08-21T17:51:19.772Z", "updated": "2020-08-21T17:51:19.772Z", "paid": false, "code": "eb423d16-e3d6-11ea-ac91-ec5c682bc46d", "shipped": false, "fees": null}}, {"model": "orders.order", "pk": 21, "fields": {"user": null, "first_name": "+201224096150", "last_name": "Abdelhay", "email": "mohamed_abdelhay_ahmed@yahoo.com", "postal_code": "12566", "address": "6 October", "city": "Cairo", "province": null, "country": "Egypt", "phone1": 32323232, "phone2": 122409690, "created": "2020-08-21T23:44:10.965Z", "updated": "2020-08-21T23:44:10.965Z", "paid": false, "code": "36459d04-e408-11ea-a701-ec5c682bc46d", "shipped": false, "fees": null}}, {"model": "orders.order", "pk": 22, "fields": {"user": null, "first_name": "+201224096150", "last_name": "Abdelhay", "email": "mohamed_abdelhay_ahmed@yahoo.com", "postal_code": "12566", "address": "6 October", "city": "Cairo", "province": null, "country": "Egypt", "phone1": 32323232, "phone2": 122409690, "created": "2020-08-21T23:50:09.063Z", "updated": "2020-08-21T23:50:09.063Z", "paid": false, "code": "0bb71c10-e409-11ea-a06c-ec5c682bc46d", "shipped": false, "fees": null}}, {"model": "orders.order", "pk": 23, "fields": {"user": null, "first_name": "+201224096150", "last_name": "Abdelhay", "email": "mohamed_abdelhay_ahmed@yahoo.com", "postal_code": "12566", "address": "6 October", "city": "Cairo", "province": null, "country": "Egypt", "phone1": 32323232, "phone2": 122409690, "created": "2020-08-21T23:51:54.160Z", "updated": "2020-08-21T23:51:54.160Z", "paid": false, "code": "4a5b99b4-e409-11ea-8b3a-ec5c682bc46d", "shipped": false, "fees": null}}, {"model": "orders.order", "pk": 24, "fields": {"user": null, "first_name": "+201224096150", "last_name": "Abdelhay", "email": "mohamed_abdelhay_ahmed@yahoo.com", "postal_code": "12566", "address": "6 October", "city": "Cairo", "province": null, "country": "Egypt", "phone1": 32323232, "phone2": 122409690, "created": "2020-08-22T05:50:24.748Z", "updated": "2020-08-22T05:50:24.748Z", "paid": false, "code": "5faac600-e43b-11ea-9504-ec5c682bc46d", "shipped": false, "fees": null}}, {"model": "orders.order", "pk": 25, "fields": {"user": null, "first_name": "+201224096150", "last_name": "Abdelhay", "email": "mohamed_abdelhay_ahmed@yahoo.com", "postal_code": "12566", "address": "6 October", "city": "Giza", "province": null, "country": "Egypt", "phone1": 201224096150, "phone2": 201224096150, "created": "2020-08-22T05:55:46.990Z", "updated": "2020-08-22T05:55:46.990Z", "paid": false, "code": "1fbd54a8-e43c-11ea-a453-ec5c682bc46d", "shipped": false, "fees": null}}, {"model": "orders.order", "pk": 26, "fields": {"user": null, "first_name": "+201224096150", "last_name": "Abdelhay", "email": "mohamed_abdelhay_ahmed@yahoo.com", "postal_code": "12566", "address": "6 October", "city": "Giza", "province": null, "country": "Egypt", "phone1": 201224096150, "phone2": 201224096150, "created": "2020-08-22T05:56:26.199Z", "updated": "2020-08-22T05:56:26.199Z", "paid": false, "code": "371c3790-e43c-11ea-8abd-ec5c682bc46d", "shipped": false, "fees": null}}, {"model": "orders.order", "pk": 27, "fields": {"user": null, "first_name": "+201224096150", "last_name": "Abdelhay", "email": "mohamed_abdelhay_ahmed@yahoo.com", "postal_code": "12566", "address": "6 October", "city": "Cairo", "province": null, "country": "Egypt", "phone1": 122409690, "phone2": 32323232, "created": "2020-08-22T06:21:13.174Z", "updated": "2020-08-22T06:21:13.174Z", "paid": false, "code": "ad69eed0-e43f-11ea-9a60-ec5c682bc46d", "shipped": false, "fees": null}}, {"model": "orders.order", "pk": 28, "fields": {"user": null, "first_name": "+201224096150", "last_name": "Abdelhay", "email": "mohamed_abdelhay_ahmed@yahoo.com", "postal_code": "12566", "address": "6 October", "city": "Cairo", "province": null, "country": "Egypt", "phone1": null, "phone2": null, "created": "2020-08-22T06:26:01.226Z", "updated": "2020-08-22T06:26:01.226Z", "paid": false, "code": "591b46ca-e440-11ea-ac0b-ec5c682bc46d", "shipped": false, "fees": null}}, {"model": "orders.order", "pk": 29, "fields": {"user": null, "first_name": "+201224096150", "last_name": "Abdelhay", "email": "mohamed_abdelhay_ahmed@yahoo.com", "postal_code": "12566", "address": "6 October", "city": "Cairo", "province": null, "country": "Egypt", "phone1": null, "phone2": null, "created": "2020-08-22T06:34:47.110Z", "updated": "2020-08-22T06:34:47.110Z", "paid": false, "code": "928f11b0-e441-11ea-8324-ec5c682bc46d", "shipped": false, "fees": null}}, {"model": "orders.order", "pk": 30, "fields": {"user": null, "first_name": "+201224096150", "last_name": "Abdelhay", "email": "mohamed_abdelhay_ahmed@yahoo.com", "postal_code": "12566", "address": "6 October", "city": "Cairo", "province": null, "country": "Egypt", "phone1": null, "phone2": null, "created": "2020-08-22T08:35:19.638Z", "updated": "2020-08-22T08:35:19.638Z", "paid": false, "code": "697b550c-e452-11ea-b227-ec5c682bc46d", "shipped": false, "fees": null}}, {"model": "orders.order", "pk": 31, "fields": {"user": null, "first_name": "+201224096150", "last_name": "Abdelhay", "email": "mohamed_abdelhay_ahmed@yahoo.com", "postal_code": "12566", "address": "6 October", "city": "Cairo", "province": null, "country": "Egypt", "phone1": null, "phone2": null, "created": "2020-08-22T08:44:52.856Z", "updated": "2020-08-22T08:44:52.910Z", "paid": false, "code": "bf24a458-e453-11ea-a1ab-ec5c682bc46d", "shipped": false, "fees": "2400.00"}}, {"model": "orders.order", "pk": 32, "fields": {"user": null, "first_name": "+201224096150", "last_name": "Abdelhay", "email": "mohamed_abdelhay_ahmed@yahoo.com", "postal_code": "12566", "address": "6 October", "city": "Cairo", "province": null, "country": "Egypt", "phone1": null, "phone2": null, "created": "2020-08-22T08:47:23.724Z", "updated": "2020-08-22T08:47:23.787Z", "paid": false, "code": "19124358-e454-11ea-bb6f-ec5c682bc46d", "shipped": false, "fees": "6000.00"}}, {"model": "orders.order", "pk": 33, "fields": {"user": null, "first_name": "+201224096150", "last_name": "Abdelhay", "email": "mohamed_abdelhay_ahmed@yahoo.com", "postal_code": "12566", "address": "6 October", "city": "Cairo", "province": null, "country": "Egypt", "phone1": null, "phone2": null, "created": "2020-08-22T09:03:51.550Z", "updated": "2020-08-22T09:03:51.952Z", "paid": false, "code": "65db6cbc-e456-11ea-823c-ec5c682bc46d", "shipped": false, "fees": "6000.00"}}, {"model": "orders.order", "pk": 34, "fields": {"user": null, "first_name": "+201224096150", "last_name": "Abdelhay", "email": "mohamed_abdelhay_ahmed@yahoo.com", "postal_code": "12566", "address": "6 October", "city": "Cairo", "province": null, "country": "Egypt", "phone1": null, "phone2": null, "created": "2020-08-22T09:07:48.588Z", "updated": "2020-08-22T09:07:48.688Z", "paid": false, "code": "f324cef6-e456-11ea-8d3c-ec5c682bc46d", "shipped": false, "fees": "6000.00"}}, {"model": "orders.order", "pk": 35, "fields": {"user": null, "first_name": "+201224096150", "last_name": "Abdelhay", "email": "mohamed_abdelhay_ahmed@yahoo.com", "postal_code": "12566", "address": "6 October", "city": "Cairo", "province": null, "country": "Egypt", "phone1": null, "phone2": null, "created": "2020-08-22T09:14:20.001Z", "updated": "2020-08-22T09:14:20.067Z", "paid": false, "code": "dc7157c8-e457-11ea-8764-ec5c682bc46d", "shipped": false, "fees": "6000.00"}}, {"model": "orders.order", "pk": 36, "fields": {"user": null, "first_name": "+201224096150", "last_name": "Abdelhay", "email": "mohamed_abdelhay_ahmed@yahoo.com", "postal_code": "12566", "address": "6 October", "city": "Cairo", "province": null, "country": "Egypt", "phone1": null, "phone2": null, "created": "2020-08-22T09:15:32.390Z", "updated": "2020-08-22T09:15:32.453Z", "paid": false, "code": "0796fc64-e458-11ea-ab42-ec5c682bc46d", "shipped": false, "fees": "6000.00"}}, {"model": "orders.order", "pk": 37, "fields": {"user": null, "first_name": "+201224096150", "last_name": "Abdelhay", "email": "mohamed_abdelhay_ahmed@yahoo.com", "postal_code": "12566", "address": "6 October", "city": "Cairo", "province": null, "country": "Egypt", "phone1": null, "phone2": null, "created": "2020-08-22T09:22:06.812Z", "updated": "2020-08-22T09:22:06.982Z", "paid": false, "code": "f2af81bc-e458-11ea-afaa-ec5c682bc46d", "shipped": false, "fees": "6000.00"}}, {"model": "orders.order", "pk": 38, "fields": {"user": null, "first_name": "+201224096150", "last_name": "Abdelhay", "email": "mohamed_abdelhay_ahmed@yahoo.com", "postal_code": "12566", "address": "6 October", "city": "Cairo", "province": null, "country": "Egypt", "phone1": null, "phone2": null, "created": "2020-08-22T09:22:58.146Z", "updated": "2020-08-22T09:22:58.213Z", "paid": false, "code": "11480e32-e459-11ea-8226-ec5c682bc46d", "shipped": false, "fees": "6000.00"}}, {"model": "orders.order", "pk": 39, "fields": {"user": null, "first_name": "+201224096150", "last_name": "Abdelhay", "email": "mohamed_abdelhay_ahmed@yahoo.com", "postal_code": "12566", "address": "6 October", "city": "Cairo", "province": null, "country": "Egypt", "phone1": null, "phone2": null, "created": "2020-08-22T09:46:54.529Z", "updated": "2020-08-22T09:46:54.573Z", "paid": false, "code": "696f75b6-e45c-11ea-b986-ec5c682bc46d", "shipped": false, "fees": "6000.00"}}, {"model": "star_ratings.userrating", "pk": 1, "fields": {"created": "2020-08-02T11:12:47.209Z", "modified": "2020-08-02T11:12:50.332Z", "user": 1, "ip": "127.0.0.1", "score": 4, "rating": 1}}, {"model": "star_ratings.userrating", "pk": 3, "fields": {"created": "2020-08-10T05:55:33.834Z", "modified": "2020-08-10T05:55:33.834Z", "user": 1, "ip": "127.0.0.1", "score": 5, "rating": 5}}, {"model": "star_ratings.userrating", "pk": 4, "fields": {"created": "2020-08-10T06:36:11.640Z", "modified": "2020-08-10T06:36:11.640Z", "user": 1, "ip": "127.0.0.1", "score": 5, "rating": 2}}, {"model": "admin.logentry", "pk": 1, "fields": {"action_time": "2020-07-29T06:38:30.915Z", "user": 1, "content_type": 13, "object_id": "1", "object_repr": "toyota", "action_flag": 1, "change_message": "[{\"added\": {}}]"}}, {"model": "admin.logentry", "pk": 2, "fields": {"action_time": "2020-07-29T07:03:44.132Z", "user": 1, "content_type": 12, "object_id": "1", "object_repr": "1980", "action_flag": 1, "change_message": "[{\"added\": {}}]"}}, {"model": "admin.logentry", "pk": 3, "fields": {"action_time": "2020-07-29T07:04:05.060Z", "user": 1, "content_type": 12, "object_id": "2", "object_repr": "1981", "action_flag": 1, "change_message": "[{\"added\": {}}]"}}, {"model": "admin.logentry", "pk": 4, "fields": {"action_time": "2020-07-29T07:04:09.963Z", "user": 1, "content_type": 12, "object_id": "3", "object_repr": "1982", "action_flag": 1, "change_message": "[{\"added\": {}}]"}}, {"model": "admin.logentry", "pk": 5, "fields": {"action_time": "2020-07-29T07:04:16.019Z", "user": 1, "content_type": 12, "object_id": "4", "object_repr": "1983", "action_flag": 1, "change_message": "[{\"added\": {}}]"}}, {"model": "admin.logentry", "pk": 6, "fields": {"action_time": "2020-07-29T07:08:20.048Z", "user": 1, "content_type": 9, "object_id": "1", "object_repr": "corolla (<, Q, u, e, r, y, S, e, t,  , [, 1, 9, 8, 0, ], >)", "action_flag": 1, "change_message": "[{\"added\": {}}]"}}, {"model": "admin.logentry", "pk": 7, "fields": {"action_time": "2020-07-29T07:38:27.224Z", "user": 1, "content_type": 11, "object_id": "1", "object_repr": "smart devices", "action_flag": 1, "change_message": "[{\"added\": {}}]"}}, {"model": "admin.logentry", "pk": 8, "fields": {"action_time": "2020-07-29T07:40:22.536Z", "user": 1, "content_type": 10, "object_id": "1", "object_repr": "car charger", "action_flag": 1, "change_message": "[{\"added\": {}}]"}}, {"model": "admin.logentry", "pk": 9, "fields": {"action_time": "2020-07-29T07:44:38.452Z", "user": 1, "content_type": 16, "object_id": "1", "object_repr": "1600", "action_flag": 1, "change_message": "[{\"added\": {}}]"}}, {"model": "admin.logentry", "pk": 10, "fields": {"action_time": "2020-07-29T07:48:45.580Z", "user": 1, "content_type": 11, "object_id": "2", "object_repr": "Engine Parts", "action_flag": 1, "change_message": "[{\"added\": {}}]"}}, {"model": "admin.logentry", "pk": 11, "fields": {"action_time": "2020-07-29T07:51:17.231Z", "user": 1, "content_type": 10, "object_id": "2", "object_repr": "cylinder head", "action_flag": 1, "change_message": "[{\"added\": {}}]"}}, {"model": "admin.logentry", "pk": 12, "fields": {"action_time": "2020-07-29T07:51:34.472Z", "user": 1, "content_type": 10, "object_id": "2", "object_repr": "cylinder head", "action_flag": 2, "change_message": "[{\"changed\": {\"fields\": [\"Available\"]}}]"}}, {"model": "admin.logentry", "pk": 13, "fields": {"action_time": "2020-07-29T07:51:37.894Z", "user": 1, "content_type": 10, "object_id": "2", "object_repr": "cylinder head", "action_flag": 2, "change_message": "[{\"changed\": {\"fields\": [\"Available\"]}}]"}}, {"model": "admin.logentry", "pk": 14, "fields": {"action_time": "2020-07-29T07:51:43.797Z", "user": 1, "content_type": 10, "object_id": "2", "object_repr": "cylinder head", "action_flag": 2, "change_message": "[{\"changed\": {\"fields\": [\"Manfacture date\"]}}]"}}, {"model": "admin.logentry", "pk": 15, "fields": {"action_time": "2020-07-29T07:56:42.108Z", "user": 1, "content_type": 10, "object_id": "3", "object_repr": "charge pipe", "action_flag": 1, "change_message": "[{\"added\": {}}]"}}, {"model": "admin.logentry", "pk": 16, "fields": {"action_time": "2020-07-29T12:02:00.699Z", "user": 1, "content_type": 13, "object_id": "1", "object_repr": "toyota", "action_flag": 2, "change_message": "[{\"changed\": {\"fields\": [\"Slug\"]}}]"}}, {"model": "admin.logentry", "pk": 17, "fields": {"action_time": "2020-07-29T12:03:53.352Z", "user": 1, "content_type": 13, "object_id": "2", "object_repr": "honda", "action_flag": 1, "change_message": "[{\"added\": {}}]"}}, {"model": "admin.logentry", "pk": 18, "fields": {"action_time": "2020-07-29T12:52:46.816Z", "user": 1, "content_type": 9, "object_id": "2", "object_repr": "civic", "action_flag": 1, "change_message": "[{\"added\": {}}]"}}, {"model": "admin.logentry", "pk": 19, "fields": {"action_time": "2020-07-29T12:53:06.579Z", "user": 1, "content_type": 16, "object_id": "2", "object_repr": "1800", "action_flag": 1, "change_message": "[{\"added\": {}}]"}}, {"model": "admin.logentry", "pk": 20, "fields": {"action_time": "2020-07-29T12:53:12.550Z", "user": 1, "content_type": 12, "object_id": "5", "object_repr": "2020", "action_flag": 1, "change_message": "[{\"added\": {}}]"}}, {"model": "admin.logentry", "pk": 21, "fields": {"action_time": "2020-07-29T12:53:30.896Z", "user": 1, "content_type": 12, "object_id": "6", "object_repr": "2019", "action_flag": 1, "change_message": "[{\"added\": {}}]"}}, {"model": "admin.logentry", "pk": 22, "fields": {"action_time": "2020-07-29T12:54:11.914Z", "user": 1, "content_type": 12, "object_id": "7", "object_repr": "2021", "action_flag": 1, "change_message": "[{\"added\": {}}]"}}, {"model": "admin.logentry", "pk": 23, "fields": {"action_time": "2020-07-29T12:56:09.951Z", "user": 1, "content_type": 10, "object_id": "4", "object_repr": "oil pan", "action_flag": 1, "change_message": "[{\"added\": {}}]"}}, {"model": "admin.logentry", "pk": 24, "fields": {"action_time": "2020-07-29T15:10:57.636Z", "user": 1, "content_type": 9, "object_id": "3", "object_repr": "rush", "action_flag": 1, "change_message": "[{\"added\": {}}]"}}, {"model": "admin.logentry", "pk": 25, "fields": {"action_time": "2020-07-29T15:31:30.449Z", "user": 1, "content_type": 9, "object_id": "3", "object_repr": "rush - toyota", "action_flag": 2, "change_message": "[{\"changed\": {\"fields\": [\"Slug\"]}}]"}}, {"model": "admin.logentry", "pk": 26, "fields": {"action_time": "2020-07-29T15:31:34.322Z", "user": 1, "content_type": 9, "object_id": "2", "object_repr": "civic - honda", "action_flag": 2, "change_message": "[{\"changed\": {\"fields\": [\"Slug\"]}}]"}}, {"model": "admin.logentry", "pk": 27, "fields": {"action_time": "2020-07-29T15:31:37.644Z", "user": 1, "content_type": 9, "object_id": "1", "object_repr": "corolla - toyota", "action_flag": 2, "change_message": "[{\"changed\": {\"fields\": [\"Slug\"]}}]"}}, {"model": "admin.logentry", "pk": 28, "fields": {"action_time": "2020-07-30T14:14:16.938Z", "user": 1, "content_type": 10, "object_id": "3", "object_repr": "charge pipe", "action_flag": 2, "change_message": "[{\"changed\": {\"fields\": [\"Manfacture date\"]}}]"}}, {"model": "admin.logentry", "pk": 29, "fields": {"action_time": "2020-07-30T14:25:05.605Z", "user": 1, "content_type": 11, "object_id": "3", "object_repr": "tires", "action_flag": 1, "change_message": "[{\"added\": {}}]"}}, {"model": "admin.logentry", "pk": 30, "fields": {"action_time": "2020-07-30T14:25:47.351Z", "user": 1, "content_type": 10, "object_id": "5", "object_repr": "michllane", "action_flag": 1, "change_message": "[{\"added\": {}}]"}}, {"model": "admin.logentry", "pk": 31, "fields": {"action_time": "2020-07-30T23:21:10.867Z", "user": 1, "content_type": 10, "object_id": "6", "object_repr": "teat", "action_flag": 1, "change_message": "[{\"added\": {}}]"}}, {"model": "admin.logentry", "pk": 32, "fields": {"action_time": "2020-08-01T07:35:42.622Z", "user": 1, "content_type": 16, "object_id": "3", "object_repr": "1500", "action_flag": 1, "change_message": "[{\"added\": {}}]"}}, {"model": "admin.logentry", "pk": 33, "fields": {"action_time": "2020-08-01T07:46:26.328Z", "user": 1, "content_type": 10, "object_id": "1", "object_repr": "car charger", "action_flag": 2, "change_message": "[{\"changed\": {\"fields\": [\"Sale price\"]}}]"}}, {"model": "admin.logentry", "pk": 34, "fields": {"action_time": "2020-08-01T08:06:34.024Z", "user": 1, "content_type": 10, "object_id": "1", "object_repr": "car charger", "action_flag": 2, "change_message": "[{\"changed\": {\"fields\": [\"Sale price\"]}}]"}}, {"model": "admin.logentry", "pk": 35, "fields": {"action_time": "2020-08-01T08:13:52.013Z", "user": 1, "content_type": 17, "object_id": "1", "object_repr": "cairo", "action_flag": 1, "change_message": "[{\"added\": {}}]"}}, {"model": "admin.logentry", "pk": 36, "fields": {"action_time": "2020-08-01T08:13:58.818Z", "user": 1, "content_type": 17, "object_id": "2", "object_repr": "giza", "action_flag": 1, "change_message": "[{\"added\": {}}]"}}, {"model": "admin.logentry", "pk": 37, "fields": {"action_time": "2020-08-01T08:14:06.785Z", "user": 1, "content_type": 17, "object_id": "3", "object_repr": "alexandria", "action_flag": 1, "change_message": "[{\"added\": {}}]"}}, {"model": "admin.logentry", "pk": 38, "fields": {"action_time": "2020-08-01T08:14:24.901Z", "user": 1, "content_type": 17, "object_id": "4", "object_repr": "hurghada", "action_flag": 1, "change_message": "[{\"added\": {}}]"}}, {"model": "admin.logentry", "pk": 39, "fields": {"action_time": "2020-08-01T08:14:53.300Z", "user": 1, "content_type": 10, "object_id": "1", "object_repr": "car charger", "action_flag": 2, "change_message": "[{\"changed\": {\"fields\": [\"Sale price\"]}}]"}}, {"model": "admin.logentry", "pk": 40, "fields": {"action_time": "2020-08-08T20:00:51.967Z", "user": 1, "content_type": 11, "object_id": "2", "object_repr": "Engine Parts", "action_flag": 2, "change_message": "[{\"changed\": {\"fields\": [\"Image\"]}}]"}}, {"model": "admin.logentry", "pk": 41, "fields": {"action_time": "2020-08-08T20:02:37.292Z", "user": 1, "content_type": 11, "object_id": "1", "object_repr": "smart devices", "action_flag": 2, "change_message": "[{\"changed\": {\"fields\": [\"Image\"]}}]"}}, {"model": "admin.logentry", "pk": 42, "fields": {"action_time": "2020-08-08T20:04:29.478Z", "user": 1, "content_type": 11, "object_id": "3", "object_repr": "tires", "action_flag": 2, "change_message": "[{\"changed\": {\"fields\": [\"Image\"]}}]"}}, {"model": "admin.logentry", "pk": 43, "fields": {"action_time": "2020-08-08T20:06:24.704Z", "user": 1, "content_type": 11, "object_id": "3", "object_repr": "tires", "action_flag": 2, "change_message": "[{\"changed\": {\"fields\": [\"Image\"]}}]"}}, {"model": "admin.logentry", "pk": 44, "fields": {"action_time": "2020-08-10T05:54:57.042Z", "user": 1, "content_type": 25, "object_id": "1", "object_repr": "mohamed", "action_flag": 3, "change_message": ""}}, {"model": "admin.logentry", "pk": 45, "fields": {"action_time": "2020-08-10T05:55:26.289Z", "user": 1, "content_type": 24, "object_id": "2", "object_repr": "mohamed rating 5 for michllane", "action_flag": 3, "change_message": ""}}, {"model": "admin.logentry", "pk": 46, "fields": {"action_time": "2020-08-10T06:21:55.355Z", "user": 1, "content_type": 25, "object_id": "2", "object_repr": "mohamed", "action_flag": 3, "change_message": ""}}, {"model": "admin.logentry", "pk": 47, "fields": {"action_time": "2020-08-13T06:01:55.287Z", "user": 1, "content_type": 26, "object_id": "2", "object_repr": "Wishlist object (2)", "action_flag": 3, "change_message": ""}}, {"model": "admin.logentry", "pk": 48, "fields": {"action_time": "2020-08-13T06:01:55.351Z", "user": 1, "content_type": 26, "object_id": "1", "object_repr": "Wishlist object (1)", "action_flag": 3, "change_message": ""}}, {"model": "admin.logentry", "pk": 49, "fields": {"action_time": "2020-08-13T07:23:00.557Z", "user": 1, "content_type": 6, "object_id": "2", "object_repr": "mido", "action_flag": 2, "change_message": "[{\"changed\": {\"fields\": [\"Active\"]}}]"}}, {"model": "admin.logentry", "pk": 50, "fields": {"action_time": "2020-08-13T07:23:20.997Z", "user": 1, "content_type": 6, "object_id": "3", "object_repr": "abdelhay", "action_flag": 2, "change_message": "[{\"changed\": {\"fields\": [\"Active\"]}}]"}}, {"model": "admin.logentry", "pk": 51, "fields": {"action_time": "2020-08-14T08:31:59.610Z", "user": 1, "content_type": 10, "object_id": "5", "object_repr": "michllane", "action_flag": 2, "change_message": "[{\"changed\": {\"fields\": [\"Sale price\"]}}]"}}, {"model": "admin.logentry", "pk": 52, "fields": {"action_time": "2020-08-17T08:07:54.817Z", "user": 1, "content_type": 10, "object_id": "3", "object_repr": "charge pipe", "action_flag": 2, "change_message": "[]"}}, {"model": "admin.logentry", "pk": 53, "fields": {"action_time": "2020-08-17T08:38:34.096Z", "user": 1, "content_type": 10, "object_id": "3", "object_repr": "charge pipe", "action_flag": 2, "change_message": "[{\"changed\": {\"fields\": [\"Max per order\"]}}]"}}, {"model": "admin.logentry", "pk": 54, "fields": {"action_time": "2020-08-17T16:28:03.935Z", "user": 1, "content_type": 13, "object_id": "2", "object_repr": "honda", "action_flag": 2, "change_message": "[{\"changed\": {\"fields\": [\"Photo 160x110\"]}}]"}}, {"model": "admin.logentry", "pk": 55, "fields": {"action_time": "2020-08-17T16:28:12.617Z", "user": 1, "content_type": 13, "object_id": "1", "object_repr": "toyota", "action_flag": 2, "change_message": "[{\"changed\": {\"fields\": [\"Photo 160x110\"]}}]"}}, {"model": "admin.logentry", "pk": 56, "fields": {"action_time": "2020-08-17T16:28:25.835Z", "user": 1, "content_type": 13, "object_id": "3", "object_repr": "cheverolet", "action_flag": 1, "change_message": "[{\"added\": {}}]"}}, {"model": "admin.logentry", "pk": 57, "fields": {"action_time": "2020-08-17T16:34:49.561Z", "user": 1, "content_type": 9, "object_id": "1", "object_repr": "corolla - toyota", "action_flag": 2, "change_message": "[{\"changed\": {\"fields\": [\"Photo 640x400\"]}}]"}}, {"model": "admin.logentry", "pk": 58, "fields": {"action_time": "2020-08-17T16:35:50.674Z", "user": 1, "content_type": 9, "object_id": "3", "object_repr": "rush - toyota", "action_flag": 2, "change_message": "[{\"changed\": {\"fields\": [\"Photo 640x400\"]}}]"}}, {"model": "admin.logentry", "pk": 59, "fields": {"action_time": "2020-08-17T16:36:55.988Z", "user": 1, "content_type": 9, "object_id": "3", "object_repr": "rush - toyota", "action_flag": 2, "change_message": "[{\"changed\": {\"fields\": [\"Photo 640x400\"]}}]"}}, {"model": "admin.logentry", "pk": 60, "fields": {"action_time": "2020-08-17T16:37:55.448Z", "user": 1, "content_type": 9, "object_id": "3", "object_repr": "rush - toyota", "action_flag": 2, "change_message": "[]"}}, {"model": "admin.logentry", "pk": 61, "fields": {"action_time": "2020-08-17T16:38:10.766Z", "user": 1, "content_type": 9, "object_id": "4", "object_repr": "yaris - toyota", "action_flag": 1, "change_message": "[{\"added\": {}}]"}}, {"model": "admin.logentry", "pk": 62, "fields": {"action_time": "2020-08-17T16:39:48.188Z", "user": 1, "content_type": 9, "object_id": "5", "object_repr": "accord - honda", "action_flag": 1, "change_message": "[{\"added\": {}}]"}}, {"model": "admin.logentry", "pk": 63, "fields": {"action_time": "2020-08-17T16:41:37.932Z", "user": 1, "content_type": 9, "object_id": "5", "object_repr": "accord - honda", "action_flag": 2, "change_message": "[{\"changed\": {\"fields\": [\"Photo 640x400\"]}}]"}}, {"model": "admin.logentry", "pk": 64, "fields": {"action_time": "2020-08-17T16:42:18.209Z", "user": 1, "content_type": 9, "object_id": "2", "object_repr": "civic - honda", "action_flag": 2, "change_message": "[{\"changed\": {\"fields\": [\"Photo 640x400\"]}}]"}}, {"model": "admin.logentry", "pk": 65, "fields": {"action_time": "2020-08-17T16:43:27.172Z", "user": 1, "content_type": 9, "object_id": "6", "object_repr": "land cruiser - toyota", "action_flag": 1, "change_message": "[{\"added\": {}}]"}}, {"model": "admin.logentry", "pk": 66, "fields": {"action_time": "2020-08-17T21:22:48.728Z", "user": 1, "content_type": 10, "object_id": "1", "object_repr": "car charger", "action_flag": 2, "change_message": "[{\"changed\": {\"fields\": [\"Photo 270x270\"]}}]"}}, {"model": "admin.logentry", "pk": 67, "fields": {"action_time": "2020-08-17T21:23:06.606Z", "user": 1, "content_type": 10, "object_id": "3", "object_repr": "charge pipe", "action_flag": 2, "change_message": "[{\"changed\": {\"fields\": [\"Photo 270x270\"]}}]"}}, {"model": "admin.logentry", "pk": 68, "fields": {"action_time": "2020-08-17T21:23:28.117Z", "user": 1, "content_type": 10, "object_id": "2", "object_repr": "cylinder head", "action_flag": 2, "change_message": "[{\"changed\": {\"fields\": [\"Photo 270x270\"]}}]"}}, {"model": "admin.logentry", "pk": 69, "fields": {"action_time": "2020-08-17T21:23:47.173Z", "user": 1, "content_type": 10, "object_id": "4", "object_repr": "oil pan", "action_flag": 2, "change_message": "[{\"changed\": {\"fields\": [\"Photo 270x270\"]}}]"}}, {"model": "admin.logentry", "pk": 70, "fields": {"action_time": "2020-08-17T21:24:04.192Z", "user": 1, "content_type": 10, "object_id": "6", "object_repr": "teat", "action_flag": 2, "change_message": "[{\"changed\": {\"fields\": [\"Photo 270x270\"]}}]"}}, {"model": "admin.logentry", "pk": 71, "fields": {"action_time": "2020-08-17T21:25:41.141Z", "user": 1, "content_type": 10, "object_id": "5", "object_repr": "michllane", "action_flag": 2, "change_message": "[{\"changed\": {\"fields\": [\"Photo 270x270\"]}}]"}}, {"model": "admin.logentry", "pk": 72, "fields": {"action_time": "2020-08-17T21:32:04.083Z", "user": 1, "content_type": 10, "object_id": "2", "object_repr": "cylinder head", "action_flag": 2, "change_message": "[{\"changed\": {\"fields\": [\"Photo 270x270\", \"Photo 800x800\", \"Photo 800x800\", \"Photo 800x800\", \"Youtube link\"]}}]"}}, {"model": "admin.logentry", "pk": 73, "fields": {"action_time": "2020-08-17T21:37:57.938Z", "user": 1, "content_type": 10, "object_id": "2", "object_repr": "cylinder head", "action_flag": 2, "change_message": "[{\"changed\": {\"fields\": [\"Youtube link\"]}}]"}}, {"model": "admin.logentry", "pk": 74, "fields": {"action_time": "2020-08-17T21:38:37.512Z", "user": 1, "content_type": 10, "object_id": "2", "object_repr": "cylinder head", "action_flag": 2, "change_message": "[{\"changed\": {\"fields\": [\"Youtube link\"]}}]"}}, {"model": "admin.logentry", "pk": 75, "fields": {"action_time": "2020-08-17T22:16:12.944Z", "user": 1, "content_type": 13, "object_id": "4", "object_repr": "BMW", "action_flag": 1, "change_message": "[{\"added\": {}}]"}}, {"model": "admin.logentry", "pk": 76, "fields": {"action_time": "2020-08-17T22:18:03.615Z", "user": 1, "content_type": 9, "object_id": "7", "object_repr": "x3 - BMW", "action_flag": 1, "change_message": "[{\"added\": {}}]"}}, {"model": "admin.logentry", "pk": 77, "fields": {"action_time": "2020-08-17T22:19:05.247Z", "user": 1, "content_type": 9, "object_id": "8", "object_repr": "320 - BMW", "action_flag": 1, "change_message": "[{\"added\": {}}]"}}, {"model": "admin.logentry", "pk": 78, "fields": {"action_time": "2020-08-19T19:53:08.392Z", "user": 1, "content_type": 10, "object_id": "2", "object_repr": "cylinder head", "action_flag": 2, "change_message": "[{\"changed\": {\"fields\": [\"Max per order\"]}}]"}}, {"model": "admin.logentry", "pk": 79, "fields": {"action_time": "2020-08-21T17:50:55.101Z", "user": 1, "content_type": 10, "object_id": "2", "object_repr": "cylinder head", "action_flag": 2, "change_message": "[{\"changed\": {\"fields\": [\"Price\"]}}]"}}, {"model": "admin.logentry", "pk": 80, "fields": {"action_time": "2020-08-21T23:44:03.163Z", "user": 1, "content_type": 10, "object_id": "2", "object_repr": "cylinder head", "action_flag": 2, "change_message": "[{\"changed\": {\"fields\": [\"Price\"]}}]"}}, {"model": "admin.logentry", "pk": 81, "fields": {"action_time": "2020-08-21T23:50:03.940Z", "user": 1, "content_type": 10, "object_id": "2", "object_repr": "cylinder head", "action_flag": 2, "change_message": "[{\"changed\": {\"fields\": [\"Price\"]}}]"}}, {"model": "admin.logentry", "pk": 82, "fields": {"action_time": "2020-08-21T23:51:21.173Z", "user": 1, "content_type": 10, "object_id": "2", "object_repr": "cylinder head", "action_flag": 2, "change_message": "[{\"changed\": {\"fields\": [\"Price\"]}}]"}}, {"model": "admin.logentry", "pk": 83, "fields": {"action_time": "2020-08-22T05:50:21.952Z", "user": 1, "content_type": 10, "object_id": "2", "object_repr": "cylinder head", "action_flag": 2, "change_message": "[{\"changed\": {\"fields\": [\"Price\"]}}]"}}, {"model": "admin.logentry", "pk": 84, "fields": {"action_time": "2020-08-22T05:55:12.343Z", "user": 1, "content_type": 10, "object_id": "3", "object_repr": "charge pipe", "action_flag": 2, "change_message": "[{\"changed\": {\"fields\": [\"Photo 270x270\", \"Photo 800x800\", \"Photo 800x800\", \"Photo 800x800\", \"Youtube link\"]}}]"}}, {"model": "admin.logentry", "pk": 85, "fields": {"action_time": "2020-08-22T05:56:18.985Z", "user": 1, "content_type": 10, "object_id": "3", "object_repr": "charge pipe", "action_flag": 2, "change_message": "[{\"changed\": {\"fields\": [\"Price\"]}}]"}}, {"model": "admin.logentry", "pk": 86, "fields": {"action_time": "2020-08-24T06:42:57.173Z", "user": 1, "content_type": 32, "object_id": "1", "object_repr": "offer car charger", "action_flag": 1, "change_message": "[{\"added\": {}}]"}}, {"model": "admin.logentry", "pk": 87, "fields": {"action_time": "2020-08-24T06:43:15.398Z", "user": 1, "content_type": 32, "object_id": "2", "object_repr": "tyre", "action_flag": 1, "change_message": "[{\"added\": {}}]"}}, {"model": "admin.logentry", "pk": 88, "fields": {"action_time": "2020-08-24T06:43:35.942Z", "user": 1, "content_type": 32, "object_id": "3", "object_repr": "cylinder", "action_flag": 1, "change_message": "[{\"added\": {}}]"}}, {"model": "admin.logentry", "pk": 89, "fields": {"action_time": "2020-08-24T06:52:59.501Z", "user": 1, "content_type": 31, "object_id": "1", "object_repr": "test", "action_flag": 1, "change_message": "[{\"added\": {}}]"}}, {"model": "admin.logentry", "pk": 90, "fields": {"action_time": "2020-08-24T06:53:13.816Z", "user": 1, "content_type": 31, "object_id": "2", "object_repr": "test2", "action_flag": 1, "change_message": "[{\"added\": {}}]"}}, {"model": "admin.logentry", "pk": 91, "fields": {"action_time": "2020-08-24T06:53:22.048Z", "user": 1, "content_type": 31, "object_id": "3", "object_repr": "t3", "action_flag": 1, "change_message": "[{\"added\": {}}]"}}, {"model": "admin.logentry", "pk": 92, "fields": {"action_time": "2020-08-24T21:31:40.017Z", "user": 1, "content_type": 11, "object_id": "2", "object_repr": "Engine Parts", "action_flag": 2, "change_message": "[{\"changed\": {\"fields\": [\"Photo 180x180\", \"Photo 870x220\"]}}]"}}, {"model": "admin.logentry", "pk": 93, "fields": {"action_time": "2020-08-24T21:35:08.045Z", "user": 1, "content_type": 11, "object_id": "2", "object_repr": "Engine Parts", "action_flag": 2, "change_message": "[{\"changed\": {\"fields\": [\"Photo 270x420\"]}}]"}}, {"model": "admin.logentry", "pk": 94, "fields": {"action_time": "2020-08-24T21:39:23.430Z", "user": 1, "content_type": 11, "object_id": "1", "object_repr": "smart devices", "action_flag": 2, "change_message": "[{\"changed\": {\"fields\": [\"Photo 180x180\", \"Photo 870x220\", \"Photo 270x420\"]}}]"}}, {"model": "admin.logentry", "pk": 95, "fields": {"action_time": "2020-08-24T21:39:40.358Z", "user": 1, "content_type": 11, "object_id": "1", "object_repr": "smart devices", "action_flag": 2, "change_message": "[]"}}, {"model": "admin.logentry", "pk": 96, "fields": {"action_time": "2020-08-24T21:40:15.505Z", "user": 1, "content_type": 11, "object_id": "1", "object_repr": "smart devices", "action_flag": 2, "change_message": "[{\"changed\": {\"fields\": [\"Photo 180x180\"]}}]"}}, {"model": "admin.logentry", "pk": 97, "fields": {"action_time": "2020-08-24T21:42:43.826Z", "user": 1, "content_type": 10, "object_id": "1", "object_repr": "car charger", "action_flag": 2, "change_message": "[{\"changed\": {\"fields\": [\"Product commercial name\", \"Made in\", \"Youtube link\"]}}]"}}, {"model": "admin.logentry", "pk": 98, "fields": {"action_time": "2020-08-24T21:43:05.394Z", "user": 1, "content_type": 10, "object_id": "1", "object_repr": "car charger", "action_flag": 2, "change_message": "[{\"changed\": {\"fields\": [\"Photo 270x270\", \"Photo 800x800\", \"Photo 800x800\", \"Photo 800x800\"]}}]"}}, {"model": "admin.logentry", "pk": 99, "fields": {"action_time": "2020-08-24T22:22:03.219Z", "user": 1, "content_type": 10, "object_id": "7", "object_repr": "rush product", "action_flag": 1, "change_message": "[{\"added\": {}}]"}}, {"model": "admin.logentry", "pk": 100, "fields": {"action_time": "2020-08-27T06:29:51.930Z", "user": 1, "content_type": 10, "object_id": "8", "object_repr": "pop", "action_flag": 1, "change_message": "[{\"added\": {}}]"}}, {"model": "admin.logentry", "pk": 101, "fields": {"action_time": "2020-08-27T14:35:52.545Z", "user": 1, "content_type": 13, "object_id": "4", "object_repr": "BMW", "action_flag": 2, "change_message": "[{\"changed\": {\"fields\": [\"Name arabic\"]}}]"}}, {"model": "admin.logentry", "pk": 102, "fields": {"action_time": "2020-08-27T14:36:00.361Z", "user": 1, "content_type": 13, "object_id": "3", "object_repr": "cheverolet", "action_flag": 2, "change_message": "[{\"changed\": {\"fields\": [\"Name arabic\"]}}]"}}, {"model": "admin.logentry", "pk": 103, "fields": {"action_time": "2020-08-27T14:36:08.579Z", "user": 1, "content_type": 13, "object_id": "2", "object_repr": "honda", "action_flag": 2, "change_message": "[{\"changed\": {\"fields\": [\"Name arabic\"]}}]"}}, {"model": "admin.logentry", "pk": 104, "fields": {"action_time": "2020-08-27T14:36:26.484Z", "user": 1, "content_type": 9, "object_id": "4", "object_repr": "yaris - toyota", "action_flag": 2, "change_message": "[{\"changed\": {\"fields\": [\"Name arabic\"]}}]"}}, {"model": "admin.logentry", "pk": 105, "fields": {"action_time": "2020-08-27T14:36:37.844Z", "user": 1, "content_type": 9, "object_id": "7", "object_repr": "x3 - BMW", "action_flag": 2, "change_message": "[{\"changed\": {\"fields\": [\"Name arabic\"]}}]"}}, {"model": "admin.logentry", "pk": 106, "fields": {"action_time": "2020-08-27T14:36:49.623Z", "user": 1, "content_type": 9, "object_id": "5", "object_repr": "accord - honda", "action_flag": 2, "change_message": "[{\"changed\": {\"fields\": [\"Name arabic\"]}}]"}}, {"model": "admin.logentry", "pk": 107, "fields": {"action_time": "2020-08-27T14:37:09.419Z", "user": 1, "content_type": 11, "object_id": "2", "object_repr": "Engine Parts", "action_flag": 2, "change_message": "[{\"changed\": {\"fields\": [\"Name arabic\"]}}]"}}, {"model": "admin.logentry", "pk": 108, "fields": {"action_time": "2020-08-27T14:37:21.547Z", "user": 1, "content_type": 11, "object_id": "1", "object_repr": "smart devices", "action_flag": 2, "change_message": "[{\"changed\": {\"fields\": [\"Name arabic\"]}}]"}}, {"model": "admin.logentry", "pk": 109, "fields": {"action_time": "2020-08-27T14:37:49.493Z", "user": 1, "content_type": 11, "object_id": "3", "object_repr": "tires", "action_flag": 2, "change_message": "[{\"changed\": {\"fields\": [\"Name arabic\", \"Photo 870x220\", \"Photo 270x420\"]}}]"}}, {"model": "admin.logentry", "pk": 110, "fields": {"action_time": "2020-08-27T14:38:55.704Z", "user": 1, "content_type": 10, "object_id": "1", "object_repr": "car charger", "action_flag": 2, "change_message": "[{\"changed\": {\"fields\": [\"Name arabic\", \"Product commercial name arabic\", \"Made in arabic\", \"Description arabic\", \"Features\", \"Features arabic\"]}}]"}}, {"model": "admin.logentry", "pk": 111, "fields": {"action_time": "2020-08-27T14:40:26.697Z", "user": 1, "content_type": 10, "object_id": "2", "object_repr": "cylinder head", "action_flag": 2, "change_message": "[{\"changed\": {\"fields\": [\"Name arabic\", \"Product commercial name\", \"Product commercial name arabic\", \"Made in\", \"Made in arabic\", \"Description arabic\", \"Features\", \"Features arabic\", \"Sale price\"]}}]"}}]